Player Name,Team,Opponent,Matchup,Prop Category,Prop Line,GAME_DATE
Darius Garland,CLE,IND,CLE vs IND,PTS,16.5,2025-11-21
Darius Garland,CLE,IND,CLE vs IND,FG3M,2.5,2025-11-21
Darius Garland,CLE,IND,CLE vs IND,REB,2.5,2025-11-21
Darius Garland,CLE,IND,CLE vs IND,AST,4.5,2025-11-21
Darius Garland,CLE,IND,CLE vs IND,PRA,23.5,2025-11-21
Darius Garland,CLE,IND,CLE vs IND,RA,7.5,2025-11-21
Darius Garland,CLE,IND,CLE vs IND,PR,19.5,2025-11-21
Darius Garland,CLE,IND,CLE vs IND,PA,21.5,2025-11-21
Darius Garland,CLE,IND,CLE vs IND,Q1_PTS,3.5,2025-11-21
Darius Garland,CLE,IND,CLE vs IND,FG3A,6.5,2025-11-21
Donovan Mitchell,CLE,IND,CLE vs IND,PTS,27.5,2025-11-21
Donovan Mitchell,CLE,IND,CLE vs IND,FG3M,3.5,2025-11-21
Donovan Mitchell,CLE,IND,CLE vs IND,REB,4.5,2025-11-21
Donovan Mitchell,CLE,IND,CLE vs IND,AST,4.5,2025-11-21
Donovan Mitchell,CLE,IND,CLE vs IND,PRA,37.5,2025-11-21
Donovan Mitchell,CLE,IND,CLE vs IND,RA,9.5,2025-11-21
Donovan Mitchell,CLE,IND,CLE vs IND,PR,31.5,2025-11-21
Donovan Mitchell,CLE,IND,CLE vs IND,PA,32.5,2025-11-21
Donovan Mitchell,CLE,IND,CLE vs IND,Q1_PTS,6.5,2025-11-21
Donovan Mitchell,CLE,IND,CLE vs IND,Q1_REB,1.5,2025-11-21
Donovan Mitchell,CLE,IND,CLE vs IND,TOV,2.5,2025-11-21
Donovan Mitchell,CLE,IND,CLE vs IND,STL,1.5,2025-11-21
Donovan Mitchell,CLE,IND,CLE vs IND,FG3A,9.5,2025-11-21
Jarrett Allen,CLE,IND,CLE vs IND,PTS,14.5,2025-11-21
Jarrett Allen,CLE,IND,CLE vs IND,REB,8.5,2025-11-21
Jarrett Allen,CLE,IND,CLE vs IND,AST,1.5,2025-11-21
Jarrett Allen,CLE,IND,CLE vs IND,PRA,24.5,2025-11-21
Jarrett Allen,CLE,IND,CLE vs IND,RA,9.5,2025-11-21
Jarrett Allen,CLE,IND,CLE vs IND,PR,23.5,2025-11-21
Jarrett Allen,CLE,IND,CLE vs IND,Q1_PTS,4.5,2025-11-21
Jarrett Allen,CLE,IND,CLE vs IND,Q1_REB,2.5,2025-11-21
De'Andre Hunter,CLE,IND,CLE vs IND,PTS,17.5,2025-11-21
De'Andre Hunter,CLE,IND,CLE vs IND,FG3M,2.5,2025-11-21
De'Andre Hunter,CLE,IND,CLE vs IND,REB,4.5,2025-11-21
De'Andre Hunter,CLE,IND,CLE vs IND,AST,2.5,2025-11-21
De'Andre Hunter,CLE,IND,CLE vs IND,PRA,24.5,2025-11-21
De'Andre Hunter,CLE,IND,CLE vs IND,PR,21.5,2025-11-21
De'Andre Hunter,CLE,IND,CLE vs IND,PA,20.5,2025-11-21
De'Andre Hunter,CLE,IND,CLE vs IND,Q1_PTS,3.5,2025-11-21
De'Andre Hunter,CLE,IND,CLE vs IND,FG3A,6.5,2025-11-21
T.J. McConnell,IND,CLE,IND @ CLE,PTS,8.5,2025-11-21
T.J. McConnell,IND,CLE,IND @ CLE,FG3M,0.5,2025-11-21
T.J. McConnell,IND,CLE,IND @ CLE,REB,2.5,2025-11-21
T.J. McConnell,IND,CLE,IND @ CLE,AST,3.5,2025-11-21
T.J. McConnell,IND,CLE,IND @ CLE,PRA,14.5,2025-11-21
Isaiah Jackson,IND,CLE,IND @ CLE,PTS,6.5,2025-11-21
Isaiah Jackson,IND,CLE,IND @ CLE,REB,6.5,2025-11-21
Isaiah Jackson,IND,CLE,IND @ CLE,PRA,13.5,2025-11-21
Isaiah Jackson,IND,CLE,IND @ CLE,RA,7.5,2025-11-21
Isaiah Jackson,IND,CLE,IND @ CLE,Q1_REB,1.5,2025-11-21
Ben Sheppard,IND,CLE,IND @ CLE,PTS,7.5,2025-11-21
Ben Sheppard,IND,CLE,IND @ CLE,FG3M,1.5,2025-11-21
Ben Sheppard,IND,CLE,IND @ CLE,REB,4.5,2025-11-21
Ben Sheppard,IND,CLE,IND @ CLE,AST,1.5,2025-11-21
Ben Sheppard,IND,CLE,IND @ CLE,PRA,14.5,2025-11-21
Ben Sheppard,IND,CLE,IND @ CLE,Q1_REB,1.5,2025-11-21
Pascal Siakam,IND,CLE,IND @ CLE,PTS,22.5,2025-11-21
Pascal Siakam,IND,CLE,IND @ CLE,FG3M,1.5,2025-11-21
Pascal Siakam,IND,CLE,IND @ CLE,REB,5.5,2025-11-21
Pascal Siakam,IND,CLE,IND @ CLE,AST,3.5,2025-11-21
Pascal Siakam,IND,CLE,IND @ CLE,PRA,32.5,2025-11-21
Pascal Siakam,IND,CLE,IND @ CLE,RA,9.5,2025-11-21
Pascal Siakam,IND,CLE,IND @ CLE,PR,28.5,2025-11-21
Pascal Siakam,IND,CLE,IND @ CLE,PA,26.5,2025-11-21
Pascal Siakam,IND,CLE,IND @ CLE,Q1_PTS,5.5,2025-11-21
Pascal Siakam,IND,CLE,IND @ CLE,Q1_REB,1.5,2025-11-21
Pascal Siakam,IND,CLE,IND @ CLE,TOV,2.5,2025-11-21
Pascal Siakam,IND,CLE,IND @ CLE,FG3A,5.5,2025-11-21
Evan Mobley,CLE,IND,CLE vs IND,PTS,19.5,2025-11-21
Evan Mobley,CLE,IND,CLE vs IND,FG3M,1.5,2025-11-21
Evan Mobley,CLE,IND,CLE vs IND,REB,8.5,2025-11-21
Evan Mobley,CLE,IND,CLE vs IND,AST,3.5,2025-11-21
Evan Mobley,CLE,IND,CLE vs IND,PRA,32.5,2025-11-21
Evan Mobley,CLE,IND,CLE vs IND,RA,12.5,2025-11-21
Evan Mobley,CLE,IND,CLE vs IND,PR,28.5,2025-11-21
Evan Mobley,CLE,IND,CLE vs IND,PA,22.5,2025-11-21
Evan Mobley,CLE,IND,CLE vs IND,Q1_PTS,5.5,2025-11-21
Evan Mobley,CLE,IND,CLE vs IND,Q1_REB,2.5,2025-11-21
Evan Mobley,CLE,IND,CLE vs IND,BLK,1.5,2025-11-21
Andrew Nembhard,IND,CLE,IND @ CLE,PTS,16.5,2025-11-21
Andrew Nembhard,IND,CLE,IND @ CLE,FG3M,1.5,2025-11-21
Andrew Nembhard,IND,CLE,IND @ CLE,REB,2.5,2025-11-21
Andrew Nembhard,IND,CLE,IND @ CLE,AST,6.5,2025-11-21
Andrew Nembhard,IND,CLE,IND @ CLE,PRA,26.5,2025-11-21
Andrew Nembhard,IND,CLE,IND @ CLE,RA,9.5,2025-11-21
Andrew Nembhard,IND,CLE,IND @ CLE,PR,19.5,2025-11-21
Andrew Nembhard,IND,CLE,IND @ CLE,PA,23.5,2025-11-21
Andrew Nembhard,IND,CLE,IND @ CLE,Q1_PTS,4.5,2025-11-21
Andrew Nembhard,IND,CLE,IND @ CLE,TOV,2.5,2025-11-21
Andrew Nembhard,IND,CLE,IND @ CLE,FG3A,5.5,2025-11-21
Bennedict Mathurin,IND,CLE,IND @ CLE,PTS,21.5,2025-11-21
Bennedict Mathurin,IND,CLE,IND @ CLE,FG3M,1.5,2025-11-21
Bennedict Mathurin,IND,CLE,IND @ CLE,REB,5.5,2025-11-21
Bennedict Mathurin,IND,CLE,IND @ CLE,AST,1.5,2025-11-21
Bennedict Mathurin,IND,CLE,IND @ CLE,PRA,29.5,2025-11-21
Bennedict Mathurin,IND,CLE,IND @ CLE,RA,7.5,2025-11-21
Bennedict Mathurin,IND,CLE,IND @ CLE,PR,27.5,2025-11-21
Bennedict Mathurin,IND,CLE,IND @ CLE,PA,23.5,2025-11-21
Bennedict Mathurin,IND,CLE,IND @ CLE,Q1_PTS,4.5,2025-11-21
Bennedict Mathurin,IND,CLE,IND @ CLE,Q1_REB,1.5,2025-11-21
Bennedict Mathurin,IND,CLE,IND @ CLE,TOV,2.5,2025-11-21
Bennedict Mathurin,IND,CLE,IND @ CLE,FG3A,5.5,2025-11-21
Jeremiah Robinson-Earl,IND,CLE,IND @ CLE,PTS,5.5,2025-11-21
Jeremiah Robinson-Earl,IND,CLE,IND @ CLE,FG3M,0.5,2025-11-21
Jeremiah Robinson-Earl,IND,CLE,IND @ CLE,REB,5.5,2025-11-21
Jeremiah Robinson-Earl,IND,CLE,IND @ CLE,PRA,11.5,2025-11-21
Jeremiah Robinson-Earl,IND,CLE,IND @ CLE,Q1_REB,1.5,2025-11-21
Jarace Walker,IND,CLE,IND @ CLE,PTS,8.5,2025-11-21
Jarace Walker,IND,CLE,IND @ CLE,FG3M,1.5,2025-11-21
Jarace Walker,IND,CLE,IND @ CLE,REB,4.5,2025-11-21
Jarace Walker,IND,CLE,IND @ CLE,AST,1.5,2025-11-21
Jarace Walker,IND,CLE,IND @ CLE,PRA,15.5,2025-11-21
Jarace Walker,IND,CLE,IND @ CLE,Q1_REB,1.5,2025-11-21
Anfernee Simons,BOS,BKN,BOS vs BKN,PTS,13.5,2025-11-21
Anfernee Simons,BOS,BKN,BOS vs BKN,FG3M,2.5,2025-11-21
Anfernee Simons,BOS,BKN,BOS vs BKN,REB,2.5,2025-11-21
Anfernee Simons,BOS,BKN,BOS vs BKN,AST,3.5,2025-11-21
Anfernee Simons,BOS,BKN,BOS vs BKN,PRA,19.5,2025-11-21
Anfernee Simons,BOS,BKN,BOS vs BKN,FG3A,6.5,2025-11-21
Derrick White,BOS,BKN,BOS vs BKN,PTS,17.5,2025-11-21
Derrick White,BOS,BKN,BOS vs BKN,FG3M,2.5,2025-11-21
Derrick White,BOS,BKN,BOS vs BKN,REB,4.5,2025-11-21
Derrick White,BOS,BKN,BOS vs BKN,AST,5.5,2025-11-21
Derrick White,BOS,BKN,BOS vs BKN,PRA,27.5,2025-11-21
Derrick White,BOS,BKN,BOS vs BKN,RA,9.5,2025-11-21
Derrick White,BOS,BKN,BOS vs BKN,PR,21.5,2025-11-21
Derrick White,BOS,BKN,BOS vs BKN,PA,22.5,2025-11-21
Derrick White,BOS,BKN,BOS vs BKN,Q1_PTS,3.5,2025-11-21
Derrick White,BOS,BKN,BOS vs BKN,STL,1.5,2025-11-21
Derrick White,BOS,BKN,BOS vs BKN,FG3A,7.5,2025-11-21
Terance Mann,BKN,BOS,BKN @ BOS,PTS,9.5,2025-11-21
Terance Mann,BKN,BOS,BKN @ BOS,FG3M,0.5,2025-11-21
Terance Mann,BKN,BOS,BKN @ BOS,REB,3.5,2025-11-21
Terance Mann,BKN,BOS,BKN @ BOS,AST,3.5,2025-11-21
Terance Mann,BKN,BOS,BKN @ BOS,PRA,16.5,2025-11-21
Terance Mann,BKN,BOS,BKN @ BOS,RA,7.5,2025-11-21
Payton Pritchard,BOS,BKN,BOS vs BKN,PTS,16.5,2025-11-21
Payton Pritchard,BOS,BKN,BOS vs BKN,FG3M,3.5,2025-11-21
Payton Pritchard,BOS,BKN,BOS vs BKN,REB,4.5,2025-11-21
Payton Pritchard,BOS,BKN,BOS vs BKN,AST,4.5,2025-11-21
Payton Pritchard,BOS,BKN,BOS vs BKN,PRA,26.5,2025-11-21
Payton Pritchard,BOS,BKN,BOS vs BKN,RA,9.5,2025-11-21
Payton Pritchard,BOS,BKN,BOS vs BKN,PR,21.5,2025-11-21
Payton Pritchard,BOS,BKN,BOS vs BKN,PA,21.5,2025-11-21
Payton Pritchard,BOS,BKN,BOS vs BKN,Q1_PTS,5.5,2025-11-21
Payton Pritchard,BOS,BKN,BOS vs BKN,Q1_REB,1.5,2025-11-21
Payton Pritchard,BOS,BKN,BOS vs BKN,FG3A,8.5,2025-11-21
Luka Garza,BOS,BKN,BOS vs BKN,PTS,7.5,2025-11-21
Luka Garza,BOS,BKN,BOS vs BKN,FG3M,0.5,2025-11-21
Luka Garza,BOS,BKN,BOS vs BKN,REB,5.5,2025-11-21
Luka Garza,BOS,BKN,BOS vs BKN,PRA,14.5,2025-11-21
Luka Garza,BOS,BKN,BOS vs BKN,Q1_REB,1.5,2025-11-21
Neemias Queta,BOS,BKN,BOS vs BKN,PTS,9.5,2025-11-21
Neemias Queta,BOS,BKN,BOS vs BKN,REB,8.5,2025-11-21
Neemias Queta,BOS,BKN,BOS vs BKN,AST,1.5,2025-11-21
Neemias Queta,BOS,BKN,BOS vs BKN,PRA,19.5,2025-11-21
Neemias Queta,BOS,BKN,BOS vs BKN,RA,10.5,2025-11-21
Neemias Queta,BOS,BKN,BOS vs BKN,Q1_REB,2.5,2025-11-21
Neemias Queta,BOS,BKN,BOS vs BKN,BLK,1.5,2025-11-21
Day'Ron Sharpe,BKN,BOS,BKN @ BOS,PTS,6.5,2025-11-21
Day'Ron Sharpe,BKN,BOS,BKN @ BOS,FG3M,0.5,2025-11-21
Day'Ron Sharpe,BKN,BOS,BKN @ BOS,REB,5.5,2025-11-21
Day'Ron Sharpe,BKN,BOS,BKN @ BOS,AST,2.5,2025-11-21
Day'Ron Sharpe,BKN,BOS,BKN @ BOS,PRA,14.5,2025-11-21
Day'Ron Sharpe,BKN,BOS,BKN @ BOS,RA,7.5,2025-11-21
Day'Ron Sharpe,BKN,BOS,BKN @ BOS,Q1_REB,1.5,2025-11-21
Noah Clowney,BKN,BOS,BKN @ BOS,PTS,11.5,2025-11-21
Noah Clowney,BKN,BOS,BKN @ BOS,FG3M,2.5,2025-11-21
Noah Clowney,BKN,BOS,BKN @ BOS,REB,3.5,2025-11-21
Noah Clowney,BKN,BOS,BKN @ BOS,AST,1.5,2025-11-21
Noah Clowney,BKN,BOS,BKN @ BOS,PRA,17.5,2025-11-21
Noah Clowney,BKN,BOS,BKN @ BOS,Q1_PTS,3.5,2025-11-21
Noah Clowney,BKN,BOS,BKN @ BOS,Q1_REB,1.5,2025-11-21
Noah Clowney,BKN,BOS,BKN @ BOS,FG3A,7.5,2025-11-21
Jaylen Brown,BOS,BKN,BOS vs BKN,PTS,26.5,2025-11-21
Jaylen Brown,BOS,BKN,BOS vs BKN,FG3M,1.5,2025-11-21
Jaylen Brown,BOS,BKN,BOS vs BKN,REB,5.5,2025-11-21
Jaylen Brown,BOS,BKN,BOS vs BKN,AST,4.5,2025-11-21
Jaylen Brown,BOS,BKN,BOS vs BKN,PRA,37.5,2025-11-21
Jaylen Brown,BOS,BKN,BOS vs BKN,RA,10.5,2025-11-21
Jaylen Brown,BOS,BKN,BOS vs BKN,PR,33.5,2025-11-21
Jaylen Brown,BOS,BKN,BOS vs BKN,PA,31.5,2025-11-21
Jaylen Brown,BOS,BKN,BOS vs BKN,Q1_PTS,6.5,2025-11-21
Jaylen Brown,BOS,BKN,BOS vs BKN,Q1_REB,1.5,2025-11-21
Jaylen Brown,BOS,BKN,BOS vs BKN,TOV,3.5,2025-11-21
Jaylen Brown,BOS,BKN,BOS vs BKN,FG3A,5.5,2025-11-21
Nic Claxton,BKN,BOS,BKN @ BOS,PTS,13.5,2025-11-21
Nic Claxton,BKN,BOS,BKN @ BOS,REB,7.5,2025-11-21
Nic Claxton,BKN,BOS,BKN @ BOS,AST,3.5,2025-11-21
Nic Claxton,BKN,BOS,BKN @ BOS,PRA,24.5,2025-11-21
Nic Claxton,BKN,BOS,BKN @ BOS,RA,11.5,2025-11-21
Nic Claxton,BKN,BOS,BKN @ BOS,PR,21.5,2025-11-21
Nic Claxton,BKN,BOS,BKN @ BOS,Q1_PTS,3.5,2025-11-21
Nic Claxton,BKN,BOS,BKN @ BOS,Q1_REB,1.5,2025-11-21
Nic Claxton,BKN,BOS,BKN @ BOS,BLK,1.5,2025-11-21
Michael Porter Jr.,BKN,BOS,BKN @ BOS,PTS,22.5,2025-11-21
Michael Porter Jr.,BKN,BOS,BKN @ BOS,FG3M,3.5,2025-11-21
Michael Porter Jr.,BKN,BOS,BKN @ BOS,REB,6.5,2025-11-21
Michael Porter Jr.,BKN,BOS,BKN @ BOS,AST,2.5,2025-11-21
Michael Porter Jr.,BKN,BOS,BKN @ BOS,PRA,32.5,2025-11-21
Michael Porter Jr.,BKN,BOS,BKN @ BOS,RA,8.5,2025-11-21
Michael Porter Jr.,BKN,BOS,BKN @ BOS,PR,29.5,2025-11-21
Michael Porter Jr.,BKN,BOS,BKN @ BOS,PA,25.5,2025-11-21
Michael Porter Jr.,BKN,BOS,BKN @ BOS,Q1_PTS,6.5,2025-11-21
Michael Porter Jr.,BKN,BOS,BKN @ BOS,Q1_REB,1.5,2025-11-21
Michael Porter Jr.,BKN,BOS,BKN @ BOS,TOV,2.5,2025-11-21
Michael Porter Jr.,BKN,BOS,BKN @ BOS,FG3A,10.5,2025-11-21
Drake Powell,BKN,BOS,BKN @ BOS,PTS,6.5,2025-11-21
Drake Powell,BKN,BOS,BKN @ BOS,FG3M,0.5,2025-11-21
Drake Powell,BKN,BOS,BKN @ BOS,REB,2.5,2025-11-21
Drake Powell,BKN,BOS,BKN @ BOS,AST,2.5,2025-11-21
Drake Powell,BKN,BOS,BKN @ BOS,PRA,11.5,2025-11-21
Tyrese Martin,BKN,BOS,BKN @ BOS,PTS,6.5,2025-11-21
Tyrese Martin,BKN,BOS,BKN @ BOS,FG3M,1.5,2025-11-21
Tyrese Martin,BKN,BOS,BKN @ BOS,REB,2.5,2025-11-21
Tyrese Martin,BKN,BOS,BKN @ BOS,AST,2.5,2025-11-21
Tyrese Martin,BKN,BOS,BKN @ BOS,PRA,12.5,2025-11-21
Tyrese Martin,BKN,BOS,BKN @ BOS,FG3A,4.5,2025-11-21
Egor Demin,BKN,BOS,BKN @ BOS,PTS,8.5,2025-11-21
Egor Demin,BKN,BOS,BKN @ BOS,FG3M,1.5,2025-11-21
Egor Demin,BKN,BOS,BKN @ BOS,REB,3.5,2025-11-21
Egor Demin,BKN,BOS,BKN @ BOS,AST,4.5,2025-11-21
Egor Demin,BKN,BOS,BKN @ BOS,PRA,15.5,2025-11-21
Egor Demin,BKN,BOS,BKN @ BOS,RA,7.5,2025-11-21
Egor Demin,BKN,BOS,BKN @ BOS,FG3A,5.5,2025-11-21
Ziaire Williams,BKN,BOS,BKN @ BOS,PTS,11.5,2025-11-21
Ziaire Williams,BKN,BOS,BKN @ BOS,FG3M,2.5,2025-11-21
Ziaire Williams,BKN,BOS,BKN @ BOS,REB,3.5,2025-11-21
Ziaire Williams,BKN,BOS,BKN @ BOS,AST,1.5,2025-11-21
Ziaire Williams,BKN,BOS,BKN @ BOS,PRA,15.5,2025-11-21
Ziaire Williams,BKN,BOS,BKN @ BOS,FG3A,6.5,2025-11-21
Scottie Barnes,TOR,WAS,TOR vs WAS,PTS,19.5,2025-11-21
Scottie Barnes,TOR,WAS,TOR vs WAS,FG3M,1.5,2025-11-21
Scottie Barnes,TOR,WAS,TOR vs WAS,REB,8.5,2025-11-21
Scottie Barnes,TOR,WAS,TOR vs WAS,AST,5.5,2025-11-21
Scottie Barnes,TOR,WAS,TOR vs WAS,PRA,33.5,2025-11-21
Scottie Barnes,TOR,WAS,TOR vs WAS,RA,13.5,2025-11-21
Scottie Barnes,TOR,WAS,TOR vs WAS,PR,27.5,2025-11-21
Scottie Barnes,TOR,WAS,TOR vs WAS,PA,25.5,2025-11-21
Scottie Barnes,TOR,WAS,TOR vs WAS,Q1_PTS,4.5,2025-11-21
Scottie Barnes,TOR,WAS,TOR vs WAS,Q1_REB,1.5,2025-11-21
Scottie Barnes,TOR,WAS,TOR vs WAS,STL,1.5,2025-11-21
Scottie Barnes,TOR,WAS,TOR vs WAS,BLK,1.5,2025-11-21
Alex Sarr,WAS,TOR,WAS @ TOR,PTS,18.5,2025-11-21
Alex Sarr,WAS,TOR,WAS @ TOR,FG3M,1.5,2025-11-21
Alex Sarr,WAS,TOR,WAS @ TOR,REB,8.5,2025-11-21
Alex Sarr,WAS,TOR,WAS @ TOR,AST,2.5,2025-11-21
Alex Sarr,WAS,TOR,WAS @ TOR,PRA,29.5,2025-11-21
Alex Sarr,WAS,TOR,WAS @ TOR,RA,11.5,2025-11-21
Alex Sarr,WAS,TOR,WAS @ TOR,PR,26.5,2025-11-21
Alex Sarr,WAS,TOR,WAS @ TOR,PA,21.5,2025-11-21
Alex Sarr,WAS,TOR,WAS @ TOR,Q1_PTS,5.5,2025-11-21
Alex Sarr,WAS,TOR,WAS @ TOR,Q1_REB,2.5,2025-11-21
Alex Sarr,WAS,TOR,WAS @ TOR,TOV,2.5,2025-11-21
Alex Sarr,WAS,TOR,WAS @ TOR,BLK,1.5,2025-11-21
RJ Barrett,TOR,WAS,TOR vs WAS,PTS,19.5,2025-11-21
RJ Barrett,TOR,WAS,TOR vs WAS,FG3M,1.5,2025-11-21
RJ Barrett,TOR,WAS,TOR vs WAS,REB,5.5,2025-11-21
RJ Barrett,TOR,WAS,TOR vs WAS,AST,3.5,2025-11-21
RJ Barrett,TOR,WAS,TOR vs WAS,PRA,28.5,2025-11-21
RJ Barrett,TOR,WAS,TOR vs WAS,RA,9.5,2025-11-21
RJ Barrett,TOR,WAS,TOR vs WAS,PR,24.5,2025-11-21
RJ Barrett,TOR,WAS,TOR vs WAS,PA,23.5,2025-11-21
RJ Barrett,TOR,WAS,TOR vs WAS,Q1_PTS,4.5,2025-11-21
RJ Barrett,TOR,WAS,TOR vs WAS,Q1_REB,1.5,2025-11-21
RJ Barrett,TOR,WAS,TOR vs WAS,FG3A,5.5,2025-11-21
Gradey Dick,TOR,WAS,TOR vs WAS,PTS,8.5,2025-11-21
Gradey Dick,TOR,WAS,TOR vs WAS,FG3M,1.5,2025-11-21
Gradey Dick,TOR,WAS,TOR vs WAS,REB,2.5,2025-11-21
Gradey Dick,TOR,WAS,TOR vs WAS,PRA,12.5,2025-11-21
Jakob Poeltl,TOR,WAS,TOR vs WAS,PTS,13.5,2025-11-21
Jakob Poeltl,TOR,WAS,TOR vs WAS,REB,9.5,2025-11-21
Jakob Poeltl,TOR,WAS,TOR vs WAS,AST,1.5,2025-11-21
Jakob Poeltl,TOR,WAS,TOR vs WAS,PRA,25.5,2025-11-21
Jakob Poeltl,TOR,WAS,TOR vs WAS,RA,12.5,2025-11-21
Jakob Poeltl,TOR,WAS,TOR vs WAS,PR,23.5,2025-11-21
Jakob Poeltl,TOR,WAS,TOR vs WAS,Q1_PTS,3.5,2025-11-21
Jakob Poeltl,TOR,WAS,TOR vs WAS,Q1_REB,2.5,2025-11-21
Jakob Poeltl,TOR,WAS,TOR vs WAS,STL,1.5,2025-11-21
Jamal Shead,TOR,WAS,TOR vs WAS,PTS,7.5,2025-11-21
Jamal Shead,TOR,WAS,TOR vs WAS,FG3M,1.5,2025-11-21
Jamal Shead,TOR,WAS,TOR vs WAS,REB,2.5,2025-11-21
Jamal Shead,TOR,WAS,TOR vs WAS,AST,4.5,2025-11-21
Jamal Shead,TOR,WAS,TOR vs WAS,PRA,14.5,2025-11-21
Jamal Shead,TOR,WAS,TOR vs WAS,RA,7.5,2025-11-21
Jamal Shead,TOR,WAS,TOR vs WAS,STL,1.5,2025-11-21
Bilal Coulibaly,WAS,TOR,WAS @ TOR,PTS,10.5,2025-11-21
Bilal Coulibaly,WAS,TOR,WAS @ TOR,FG3M,0.5,2025-11-21
Bilal Coulibaly,WAS,TOR,WAS @ TOR,REB,4.5,2025-11-21
Bilal Coulibaly,WAS,TOR,WAS @ TOR,AST,2.5,2025-11-21
Bilal Coulibaly,WAS,TOR,WAS @ TOR,PRA,18.5,2025-11-21
Bilal Coulibaly,WAS,TOR,WAS @ TOR,RA,7.5,2025-11-21
Bilal Coulibaly,WAS,TOR,WAS @ TOR,Q1_REB,1.5,2025-11-21
Sandro Mamukelashvili,TOR,WAS,TOR vs WAS,PTS,7.5,2025-11-21
Sandro Mamukelashvili,TOR,WAS,TOR vs WAS,FG3M,0.5,2025-11-21
Sandro Mamukelashvili,TOR,WAS,TOR vs WAS,REB,5.5,2025-11-21
Sandro Mamukelashvili,TOR,WAS,TOR vs WAS,AST,1.5,2025-11-21
Sandro Mamukelashvili,TOR,WAS,TOR vs WAS,PRA,14.5,2025-11-21
Sandro Mamukelashvili,TOR,WAS,TOR vs WAS,Q1_REB,1.5,2025-11-21
Kyshawn George,WAS,TOR,WAS @ TOR,PTS,15.5,2025-11-21
Kyshawn George,WAS,TOR,WAS @ TOR,FG3M,2.5,2025-11-21
Kyshawn George,WAS,TOR,WAS @ TOR,REB,5.5,2025-11-21
Kyshawn George,WAS,TOR,WAS @ TOR,AST,3.5,2025-11-21
Kyshawn George,WAS,TOR,WAS @ TOR,PRA,26.5,2025-11-21
Kyshawn George,WAS,TOR,WAS @ TOR,RA,10.5,2025-11-21
Kyshawn George,WAS,TOR,WAS @ TOR,PR,21.5,2025-11-21
Kyshawn George,WAS,TOR,WAS @ TOR,PA,19.5,2025-11-21
Kyshawn George,WAS,TOR,WAS @ TOR,Q1_PTS,4.5,2025-11-21
Kyshawn George,WAS,TOR,WAS @ TOR,Q1_REB,1.5,2025-11-21
Kyshawn George,WAS,TOR,WAS @ TOR,TOV,2.5,2025-11-21
Kyshawn George,WAS,TOR,WAS @ TOR,FG3A,6.5,2025-11-21
Brandon Ingram,TOR,WAS,TOR vs WAS,PTS,21.5,2025-11-21
Brandon Ingram,TOR,WAS,TOR vs WAS,FG3M,1.5,2025-11-21
Brandon Ingram,TOR,WAS,TOR vs WAS,REB,5.5,2025-11-21
Brandon Ingram,TOR,WAS,TOR vs WAS,AST,3.5,2025-11-21
Brandon Ingram,TOR,WAS,TOR vs WAS,PRA,31.5,2025-11-21
Brandon Ingram,TOR,WAS,TOR vs WAS,RA,9.5,2025-11-21
Brandon Ingram,TOR,WAS,TOR vs WAS,PR,27.5,2025-11-21
Brandon Ingram,TOR,WAS,TOR vs WAS,PA,25.5,2025-11-21
Brandon Ingram,TOR,WAS,TOR vs WAS,Q1_PTS,6.5,2025-11-21
Brandon Ingram,TOR,WAS,TOR vs WAS,Q1_REB,1.5,2025-11-21
Brandon Ingram,TOR,WAS,TOR vs WAS,TOV,2.5,2025-11-21
Brandon Ingram,TOR,WAS,TOR vs WAS,STL,1.5,2025-11-21
Brandon Ingram,TOR,WAS,TOR vs WAS,FG3A,4.5,2025-11-21
Khris Middleton,WAS,TOR,WAS @ TOR,PTS,9.5,2025-11-21
Khris Middleton,WAS,TOR,WAS @ TOR,FG3M,0.5,2025-11-21
Khris Middleton,WAS,TOR,WAS @ TOR,REB,3.5,2025-11-21
Khris Middleton,WAS,TOR,WAS @ TOR,AST,2.5,2025-11-21
Khris Middleton,WAS,TOR,WAS @ TOR,PRA,16.5,2025-11-21
Immanuel Quickley,TOR,WAS,TOR vs WAS,PTS,16.5,2025-11-21
Immanuel Quickley,TOR,WAS,TOR vs WAS,FG3M,2.5,2025-11-21
Immanuel Quickley,TOR,WAS,TOR vs WAS,REB,5.5,2025-11-21
Immanuel Quickley,TOR,WAS,TOR vs WAS,AST,6.5,2025-11-21
Immanuel Quickley,TOR,WAS,TOR vs WAS,PRA,28.5,2025-11-21
Immanuel Quickley,TOR,WAS,TOR vs WAS,RA,11.5,2025-11-21
Immanuel Quickley,TOR,WAS,TOR vs WAS,PR,22.5,2025-11-21
Immanuel Quickley,TOR,WAS,TOR vs WAS,PA,23.5,2025-11-21
Immanuel Quickley,TOR,WAS,TOR vs WAS,Q1_PTS,3.5,2025-11-21
Immanuel Quickley,TOR,WAS,TOR vs WAS,Q1_REB,1.5,2025-11-21
Immanuel Quickley,TOR,WAS,TOR vs WAS,STL,1.5,2025-11-21
Immanuel Quickley,TOR,WAS,TOR vs WAS,FG3A,6.5,2025-11-21
CJ McCollum,WAS,TOR,WAS @ TOR,PTS,16.5,2025-11-21
CJ McCollum,WAS,TOR,WAS @ TOR,FG3M,2.5,2025-11-21
CJ McCollum,WAS,TOR,WAS @ TOR,REB,3.5,2025-11-21
CJ McCollum,WAS,TOR,WAS @ TOR,AST,3.5,2025-11-21
CJ McCollum,WAS,TOR,WAS @ TOR,PRA,24.5,2025-11-21
CJ McCollum,WAS,TOR,WAS @ TOR,RA,7.5,2025-11-21
CJ McCollum,WAS,TOR,WAS @ TOR,PR,20.5,2025-11-21
CJ McCollum,WAS,TOR,WAS @ TOR,PA,20.5,2025-11-21
CJ McCollum,WAS,TOR,WAS @ TOR,Q1_PTS,4.5,2025-11-21
CJ McCollum,WAS,TOR,WAS @ TOR,FG3A,6.5,2025-11-21
Corey Kispert,WAS,TOR,WAS @ TOR,PTS,6.5,2025-11-21
Corey Kispert,WAS,TOR,WAS @ TOR,FG3M,1.5,2025-11-21
Corey Kispert,WAS,TOR,WAS @ TOR,REB,2.5,2025-11-21
Corey Kispert,WAS,TOR,WAS @ TOR,AST,1.5,2025-11-21
Corey Kispert,WAS,TOR,WAS @ TOR,PRA,10.5,2025-11-21
Bub Carrington,WAS,TOR,WAS @ TOR,PTS,7.5,2025-11-21
Bub Carrington,WAS,TOR,WAS @ TOR,FG3M,0.5,2025-11-21
Bub Carrington,WAS,TOR,WAS @ TOR,REB,3.5,2025-11-21
Bub Carrington,WAS,TOR,WAS @ TOR,AST,3.5,2025-11-21
Bub Carrington,WAS,TOR,WAS @ TOR,PRA,14.5,2025-11-21
Cam Whitmore,WAS,TOR,WAS @ TOR,PTS,9.5,2025-11-21
Cam Whitmore,WAS,TOR,WAS @ TOR,FG3M,0.5,2025-11-21
Cam Whitmore,WAS,TOR,WAS @ TOR,REB,4.5,2025-11-21
Cam Whitmore,WAS,TOR,WAS @ TOR,AST,1.5,2025-11-21
Cam Whitmore,WAS,TOR,WAS @ TOR,PRA,15.5,2025-11-21
Tre Johnson,WAS,TOR,WAS @ TOR,PTS,9.5,2025-11-21
Tre Johnson,WAS,TOR,WAS @ TOR,FG3M,1.5,2025-11-21
Tre Johnson,WAS,TOR,WAS @ TOR,REB,2.5,2025-11-21
Tre Johnson,WAS,TOR,WAS @ TOR,AST,1.5,2025-11-21
Tre Johnson,WAS,TOR,WAS @ TOR,PRA,13.5,2025-11-21
Bam Adebayo,MIA,CHI,MIA @ CHI,PTS,20.5,2025-11-21
Bam Adebayo,MIA,CHI,MIA @ CHI,FG3M,1.5,2025-11-21
Bam Adebayo,MIA,CHI,MIA @ CHI,REB,9.5,2025-11-21
Bam Adebayo,MIA,CHI,MIA @ CHI,AST,3.5,2025-11-21
Bam Adebayo,MIA,CHI,MIA @ CHI,PRA,32.5,2025-11-21
Bam Adebayo,MIA,CHI,MIA @ CHI,RA,12.5,2025-11-21
Bam Adebayo,MIA,CHI,MIA @ CHI,PR,29.5,2025-11-21
Bam Adebayo,MIA,CHI,MIA @ CHI,PA,23.5,2025-11-21
Bam Adebayo,MIA,CHI,MIA @ CHI,Q1_PTS,4.5,2025-11-21
Bam Adebayo,MIA,CHI,MIA @ CHI,Q1_REB,2.5,2025-11-21
Bam Adebayo,MIA,CHI,MIA @ CHI,FG3A,4.5,2025-11-21
Nikola Vucevic,CHI,MIA,CHI vs MIA,PTS,17.5,2025-11-21
Nikola Vucevic,CHI,MIA,CHI vs MIA,FG3M,1.5,2025-11-21
Nikola Vucevic,CHI,MIA,CHI vs MIA,REB,10.5,2025-11-21
Nikola Vucevic,CHI,MIA,CHI vs MIA,AST,3.5,2025-11-21
Nikola Vucevic,CHI,MIA,CHI vs MIA,PRA,31.5,2025-11-21
Nikola Vucevic,CHI,MIA,CHI vs MIA,RA,13.5,2025-11-21
Nikola Vucevic,CHI,MIA,CHI vs MIA,PR,27.5,2025-11-21
Nikola Vucevic,CHI,MIA,CHI vs MIA,PA,20.5,2025-11-21
Nikola Vucevic,CHI,MIA,CHI vs MIA,Q1_PTS,4.5,2025-11-21
Nikola Vucevic,CHI,MIA,CHI vs MIA,Q1_REB,2.5,2025-11-21
Nikola Vucevic,CHI,MIA,CHI vs MIA,FG3A,4.5,2025-11-21
Matas Buzelis,CHI,MIA,CHI vs MIA,PTS,14.5,2025-11-21
Matas Buzelis,CHI,MIA,CHI vs MIA,FG3M,1.5,2025-11-21
Matas Buzelis,CHI,MIA,CHI vs MIA,REB,4.5,2025-11-21
Matas Buzelis,CHI,MIA,CHI vs MIA,AST,1.5,2025-11-21
Matas Buzelis,CHI,MIA,CHI vs MIA,PRA,20.5,2025-11-21
Matas Buzelis,CHI,MIA,CHI vs MIA,PR,19.5,2025-11-21
Matas Buzelis,CHI,MIA,CHI vs MIA,Q1_PTS,3.5,2025-11-21
Matas Buzelis,CHI,MIA,CHI vs MIA,Q1_REB,1.5,2025-11-21
Matas Buzelis,CHI,MIA,CHI vs MIA,BLK,1.5,2025-11-21
Matas Buzelis,CHI,MIA,CHI vs MIA,FG3A,4.5,2025-11-21
Norman Powell,MIA,CHI,MIA @ CHI,PTS,26.5,2025-11-21
Norman Powell,MIA,CHI,MIA @ CHI,FG3M,3.5,2025-11-21
Norman Powell,MIA,CHI,MIA @ CHI,REB,3.5,2025-11-21
Norman Powell,MIA,CHI,MIA @ CHI,AST,2.5,2025-11-21
Norman Powell,MIA,CHI,MIA @ CHI,PRA,32.5,2025-11-21
Norman Powell,MIA,CHI,MIA @ CHI,PR,29.5,2025-11-21
Norman Powell,MIA,CHI,MIA @ CHI,PA,28.5,2025-11-21
Norman Powell,MIA,CHI,MIA @ CHI,Q1_PTS,6.5,2025-11-21
Norman Powell,MIA,CHI,MIA @ CHI,STL,1.5,2025-11-21
Norman Powell,MIA,CHI,MIA @ CHI,FG3A,8.5,2025-11-21
Davion Mitchell,MIA,CHI,MIA @ CHI,PTS,10.5,2025-11-21
Davion Mitchell,MIA,CHI,MIA @ CHI,FG3M,1.5,2025-11-21
Davion Mitchell,MIA,CHI,MIA @ CHI,REB,2.5,2025-11-21
Davion Mitchell,MIA,CHI,MIA @ CHI,AST,6.5,2025-11-21
Davion Mitchell,MIA,CHI,MIA @ CHI,PRA,20.5,2025-11-21
Davion Mitchell,MIA,CHI,MIA @ CHI,RA,9.5,2025-11-21
Davion Mitchell,MIA,CHI,MIA @ CHI,STL,1.5,2025-11-21
Pelle Larsson,MIA,CHI,MIA @ CHI,PTS,11.5,2025-11-21
Pelle Larsson,MIA,CHI,MIA @ CHI,FG3M,1.5,2025-11-21
Pelle Larsson,MIA,CHI,MIA @ CHI,REB,4.5,2025-11-21
Pelle Larsson,MIA,CHI,MIA @ CHI,AST,3.5,2025-11-21
Pelle Larsson,MIA,CHI,MIA @ CHI,PRA,20.5,2025-11-21
Pelle Larsson,MIA,CHI,MIA @ CHI,RA,8.5,2025-11-21
Pelle Larsson,MIA,CHI,MIA @ CHI,Q1_REB,1.5,2025-11-21
Pelle Larsson,MIA,CHI,MIA @ CHI,FG3A,4.5,2025-11-21
Simone Fontecchio,MIA,CHI,MIA @ CHI,PTS,11.5,2025-11-21
Simone Fontecchio,MIA,CHI,MIA @ CHI,FG3M,2.5,2025-11-21
Simone Fontecchio,MIA,CHI,MIA @ CHI,REB,3.5,2025-11-21
Simone Fontecchio,MIA,CHI,MIA @ CHI,AST,1.5,2025-11-21
Simone Fontecchio,MIA,CHI,MIA @ CHI,PRA,16.5,2025-11-21
Simone Fontecchio,MIA,CHI,MIA @ CHI,FG3A,6.5,2025-11-21
Coby White,CHI,MIA,CHI vs MIA,PTS,20.5,2025-11-21
Coby White,CHI,MIA,CHI vs MIA,FG3M,2.5,2025-11-21
Coby White,CHI,MIA,CHI vs MIA,REB,3.5,2025-11-21
Coby White,CHI,MIA,CHI vs MIA,AST,3.5,2025-11-21
Coby White,CHI,MIA,CHI vs MIA,PRA,27.5,2025-11-21
Coby White,CHI,MIA,CHI vs MIA,RA,7.5,2025-11-21
Coby White,CHI,MIA,CHI vs MIA,PR,23.5,2025-11-21
Coby White,CHI,MIA,CHI vs MIA,PA,24.5,2025-11-21
Coby White,CHI,MIA,CHI vs MIA,Q1_PTS,4.5,2025-11-21
Coby White,CHI,MIA,CHI vs MIA,TOV,2.5,2025-11-21
Coby White,CHI,MIA,CHI vs MIA,FG3A,7.5,2025-11-21
Josh Giddey,CHI,MIA,CHI vs MIA,PTS,20.5,2025-11-21
Josh Giddey,CHI,MIA,CHI vs MIA,FG3M,1.5,2025-11-21
Josh Giddey,CHI,MIA,CHI vs MIA,REB,9.5,2025-11-21
Josh Giddey,CHI,MIA,CHI vs MIA,AST,9.5,2025-11-21
Josh Giddey,CHI,MIA,CHI vs MIA,PRA,39.5,2025-11-21
Josh Giddey,CHI,MIA,CHI vs MIA,RA,18.5,2025-11-21
Josh Giddey,CHI,MIA,CHI vs MIA,PR,30.5,2025-11-21
Josh Giddey,CHI,MIA,CHI vs MIA,PA,29.5,2025-11-21
Josh Giddey,CHI,MIA,CHI vs MIA,Q1_PTS,4.5,2025-11-21
Josh Giddey,CHI,MIA,CHI vs MIA,Q1_REB,2.5,2025-11-21
Josh Giddey,CHI,MIA,CHI vs MIA,Q1_AST,2.5,2025-11-21
Josh Giddey,CHI,MIA,CHI vs MIA,TOV,3.5,2025-11-21
Josh Giddey,CHI,MIA,CHI vs MIA,FG3A,4.5,2025-11-21
Jaime Jaquez Jr.,MIA,CHI,MIA @ CHI,PTS,18.5,2025-11-21
Jaime Jaquez Jr.,MIA,CHI,MIA @ CHI,FG3M,0.5,2025-11-21
Jaime Jaquez Jr.,MIA,CHI,MIA @ CHI,REB,6.5,2025-11-21
Jaime Jaquez Jr.,MIA,CHI,MIA @ CHI,AST,5.5,2025-11-21
Jaime Jaquez Jr.,MIA,CHI,MIA @ CHI,PRA,31.5,2025-11-21
Jaime Jaquez Jr.,MIA,CHI,MIA @ CHI,RA,12.5,2025-11-21
Jaime Jaquez Jr.,MIA,CHI,MIA @ CHI,PR,25.5,2025-11-21
Jaime Jaquez Jr.,MIA,CHI,MIA @ CHI,PA,24.5,2025-11-21
Jaime Jaquez Jr.,MIA,CHI,MIA @ CHI,Q1_PTS,4.5,2025-11-21
Jaime Jaquez Jr.,MIA,CHI,MIA @ CHI,Q1_REB,1.5,2025-11-21
Jaime Jaquez Jr.,MIA,CHI,MIA @ CHI,TOV,2.5,2025-11-21
Isaac Okoro,CHI,MIA,CHI vs MIA,PTS,6.5,2025-11-21
Isaac Okoro,CHI,MIA,CHI vs MIA,FG3M,0.5,2025-11-21
Isaac Okoro,CHI,MIA,CHI vs MIA,REB,2.5,2025-11-21
Isaac Okoro,CHI,MIA,CHI vs MIA,AST,1.5,2025-11-21
Isaac Okoro,CHI,MIA,CHI vs MIA,PRA,11.5,2025-11-21
Kel'el Ware,MIA,CHI,MIA @ CHI,PTS,11.5,2025-11-21
Kel'el Ware,MIA,CHI,MIA @ CHI,FG3M,0.5,2025-11-21
Kel'el Ware,MIA,CHI,MIA @ CHI,REB,9.5,2025-11-21
Kel'el Ware,MIA,CHI,MIA @ CHI,PRA,21.5,2025-11-21
Kel'el Ware,MIA,CHI,MIA @ CHI,RA,10.5,2025-11-21
Kel'el Ware,MIA,CHI,MIA @ CHI,PR,21.5,2025-11-21
Kel'el Ware,MIA,CHI,MIA @ CHI,BLK,1.5,2025-11-21
Dru Smith,MIA,CHI,MIA @ CHI,PTS,5.5,2025-11-21
Dru Smith,MIA,CHI,MIA @ CHI,FG3M,0.5,2025-11-21
Dru Smith,MIA,CHI,MIA @ CHI,REB,2.5,2025-11-21
Dru Smith,MIA,CHI,MIA @ CHI,AST,3.5,2025-11-21
Dru Smith,MIA,CHI,MIA @ CHI,PRA,12.5,2025-11-21
Dru Smith,MIA,CHI,MIA @ CHI,STL,1.5,2025-11-21
Zion Williamson,NOP,DAL,NOP @ DAL,PTS,22.5,2025-11-21
Zion Williamson,NOP,DAL,NOP @ DAL,REB,5.5,2025-11-21
Zion Williamson,NOP,DAL,NOP @ DAL,AST,4.5,2025-11-21
Zion Williamson,NOP,DAL,NOP @ DAL,PRA,33.5,2025-11-21
Zion Williamson,NOP,DAL,NOP @ DAL,RA,10.5,2025-11-21
Zion Williamson,NOP,DAL,NOP @ DAL,PR,28.5,2025-11-21
Zion Williamson,NOP,DAL,NOP @ DAL,PA,27.5,2025-11-21
Zion Williamson,NOP,DAL,NOP @ DAL,Q1_PTS,5.5,2025-11-21
Zion Williamson,NOP,DAL,NOP @ DAL,Q1_REB,1.5,2025-11-21
Zion Williamson,NOP,DAL,NOP @ DAL,TOV,3.5,2025-11-21
Zion Williamson,NOP,DAL,NOP @ DAL,STL,1.5,2025-11-21
Klay Thompson,DAL,NOP,DAL vs NOP,PTS,10.5,2025-11-21
Klay Thompson,DAL,NOP,DAL vs NOP,FG3M,2.5,2025-11-21
Klay Thompson,DAL,NOP,DAL vs NOP,REB,2.5,2025-11-21
Klay Thompson,DAL,NOP,DAL vs NOP,AST,1.5,2025-11-21
Klay Thompson,DAL,NOP,DAL vs NOP,PRA,15.5,2025-11-21
Klay Thompson,DAL,NOP,DAL vs NOP,FG3A,7.5,2025-11-21
D'Angelo Russell,DAL,NOP,DAL vs NOP,PTS,13.5,2025-11-21
D'Angelo Russell,DAL,NOP,DAL vs NOP,FG3M,1.5,2025-11-21
D'Angelo Russell,DAL,NOP,DAL vs NOP,REB,2.5,2025-11-21
D'Angelo Russell,DAL,NOP,DAL vs NOP,AST,4.5,2025-11-21
D'Angelo Russell,DAL,NOP,DAL vs NOP,PRA,20.5,2025-11-21
D'Angelo Russell,DAL,NOP,DAL vs NOP,RA,7.5,2025-11-21
D'Angelo Russell,DAL,NOP,DAL vs NOP,Q1_PTS,3.5,2025-11-21
D'Angelo Russell,DAL,NOP,DAL vs NOP,FG3A,5.5,2025-11-21
Jose Alvarado,NOP,DAL,NOP @ DAL,PTS,7.5,2025-11-21
Jose Alvarado,NOP,DAL,NOP @ DAL,FG3M,1.5,2025-11-21
Jose Alvarado,NOP,DAL,NOP @ DAL,REB,2.5,2025-11-21
Jose Alvarado,NOP,DAL,NOP @ DAL,AST,2.5,2025-11-21
Jose Alvarado,NOP,DAL,NOP @ DAL,PRA,13.5,2025-11-21
Trey Murphy III,NOP,DAL,NOP @ DAL,PTS,19.5,2025-11-21
Trey Murphy III,NOP,DAL,NOP @ DAL,FG3M,2.5,2025-11-21
Trey Murphy III,NOP,DAL,NOP @ DAL,REB,5.5,2025-11-21
Trey Murphy III,NOP,DAL,NOP @ DAL,AST,2.5,2025-11-21
Trey Murphy III,NOP,DAL,NOP @ DAL,PRA,28.5,2025-11-21
Trey Murphy III,NOP,DAL,NOP @ DAL,RA,8.5,2025-11-21
Trey Murphy III,NOP,DAL,NOP @ DAL,PR,25.5,2025-11-21
Trey Murphy III,NOP,DAL,NOP @ DAL,PA,22.5,2025-11-21
Trey Murphy III,NOP,DAL,NOP @ DAL,Q1_PTS,4.5,2025-11-21
Trey Murphy III,NOP,DAL,NOP @ DAL,Q1_REB,1.5,2025-11-21
Trey Murphy III,NOP,DAL,NOP @ DAL,STL,1.5,2025-11-21
Trey Murphy III,NOP,DAL,NOP @ DAL,FG3A,7.5,2025-11-21
Daniel Gafford,DAL,NOP,DAL vs NOP,PTS,10.5,2025-11-21
Daniel Gafford,DAL,NOP,DAL vs NOP,REB,7.5,2025-11-21
Daniel Gafford,DAL,NOP,DAL vs NOP,AST,1.5,2025-11-21
Daniel Gafford,DAL,NOP,DAL vs NOP,PRA,19.5,2025-11-21
Daniel Gafford,DAL,NOP,DAL vs NOP,RA,8.5,2025-11-21
Daniel Gafford,DAL,NOP,DAL vs NOP,Q1_REB,1.5,2025-11-21
Daniel Gafford,DAL,NOP,DAL vs NOP,BLK,1.5,2025-11-21
Herb Jones,NOP,DAL,NOP @ DAL,PTS,7.5,2025-11-21
Herb Jones,NOP,DAL,NOP @ DAL,FG3M,1.5,2025-11-21
Herb Jones,NOP,DAL,NOP @ DAL,REB,2.5,2025-11-21
Herb Jones,NOP,DAL,NOP @ DAL,AST,1.5,2025-11-21
Herb Jones,NOP,DAL,NOP @ DAL,PRA,12.5,2025-11-21
Herb Jones,NOP,DAL,NOP @ DAL,STL,1.5,2025-11-21
Jordan Hawkins,NOP,DAL,NOP @ DAL,PTS,6.5,2025-11-21
Jordan Hawkins,NOP,DAL,NOP @ DAL,FG3M,0.5,2025-11-21
Jordan Hawkins,NOP,DAL,NOP @ DAL,REB,1.5,2025-11-21
Jordan Hawkins,NOP,DAL,NOP @ DAL,PRA,9.5,2025-11-21
Brandon Williams,DAL,NOP,DAL vs NOP,PTS,13.5,2025-11-21
Brandon Williams,DAL,NOP,DAL vs NOP,FG3M,1.5,2025-11-21
Brandon Williams,DAL,NOP,DAL vs NOP,REB,2.5,2025-11-21
Brandon Williams,DAL,NOP,DAL vs NOP,AST,3.5,2025-11-21
Brandon Williams,DAL,NOP,DAL vs NOP,PRA,20.5,2025-11-21
Brandon Williams,DAL,NOP,DAL vs NOP,Q1_PTS,3.5,2025-11-21
Brandon Williams,DAL,NOP,DAL vs NOP,STL,1.5,2025-11-21
Cooper Flagg,DAL,NOP,DAL vs NOP,PTS,16.5,2025-11-21
Cooper Flagg,DAL,NOP,DAL vs NOP,FG3M,1.5,2025-11-21
Cooper Flagg,DAL,NOP,DAL vs NOP,REB,5.5,2025-11-21
Cooper Flagg,DAL,NOP,DAL vs NOP,AST,3.5,2025-11-21
Cooper Flagg,DAL,NOP,DAL vs NOP,PRA,26.5,2025-11-21
Cooper Flagg,DAL,NOP,DAL vs NOP,RA,9.5,2025-11-21
Cooper Flagg,DAL,NOP,DAL vs NOP,PR,22.5,2025-11-21
Cooper Flagg,DAL,NOP,DAL vs NOP,PA,20.5,2025-11-21
Cooper Flagg,DAL,NOP,DAL vs NOP,Q1_PTS,3.5,2025-11-21
Cooper Flagg,DAL,NOP,DAL vs NOP,Q1_REB,1.5,2025-11-21
Cooper Flagg,DAL,NOP,DAL vs NOP,TOV,2.5,2025-11-21
Cooper Flagg,DAL,NOP,DAL vs NOP,STL,1.5,2025-11-21
Cooper Flagg,DAL,NOP,DAL vs NOP,FG3A,4.5,2025-11-21
PJ Washington,DAL,NOP,DAL vs NOP,PTS,15.5,2025-11-21
PJ Washington,DAL,NOP,DAL vs NOP,FG3M,1.5,2025-11-21
PJ Washington,DAL,NOP,DAL vs NOP,REB,6.5,2025-11-21
PJ Washington,DAL,NOP,DAL vs NOP,AST,2.5,2025-11-21
PJ Washington,DAL,NOP,DAL vs NOP,PRA,24.5,2025-11-21
PJ Washington,DAL,NOP,DAL vs NOP,RA,8.5,2025-11-21
PJ Washington,DAL,NOP,DAL vs NOP,PR,22.5,2025-11-21
PJ Washington,DAL,NOP,DAL vs NOP,Q1_PTS,4.5,2025-11-21
PJ Washington,DAL,NOP,DAL vs NOP,Q1_REB,1.5,2025-11-21
PJ Washington,DAL,NOP,DAL vs NOP,TOV,2.5,2025-11-21
PJ Washington,DAL,NOP,DAL vs NOP,STL,1.5,2025-11-21
PJ Washington,DAL,NOP,DAL vs NOP,FG3A,5.5,2025-11-21
Dereck Lively II,DAL,NOP,DAL vs NOP,PTS,6.5,2025-11-21
Dereck Lively II,DAL,NOP,DAL vs NOP,REB,6.5,2025-11-21
Dereck Lively II,DAL,NOP,DAL vs NOP,AST,1.5,2025-11-21
Dereck Lively II,DAL,NOP,DAL vs NOP,PRA,14.5,2025-11-21
Dereck Lively II,DAL,NOP,DAL vs NOP,RA,8.5,2025-11-21
Dereck Lively II,DAL,NOP,DAL vs NOP,Q1_REB,1.5,2025-11-21
Dereck Lively II,DAL,NOP,DAL vs NOP,BLK,1.5,2025-11-21
Yves Missi,NOP,DAL,NOP @ DAL,PTS,5.5,2025-11-21
Yves Missi,NOP,DAL,NOP @ DAL,REB,5.5,2025-11-21
Yves Missi,NOP,DAL,NOP @ DAL,PRA,12.5,2025-11-21
Yves Missi,NOP,DAL,NOP @ DAL,Q1_REB,1.5,2025-11-21
Max Christie,DAL,NOP,DAL vs NOP,PTS,11.5,2025-11-21
Max Christie,DAL,NOP,DAL vs NOP,FG3M,2.5,2025-11-21
Max Christie,DAL,NOP,DAL vs NOP,REB,2.5,2025-11-21
Max Christie,DAL,NOP,DAL vs NOP,AST,2.5,2025-11-21
Max Christie,DAL,NOP,DAL vs NOP,PRA,17.5,2025-11-21
Max Christie,DAL,NOP,DAL vs NOP,FG3A,5.5,2025-11-21
Naji Marshall,DAL,NOP,DAL vs NOP,PTS,10.5,2025-11-21
Naji Marshall,DAL,NOP,DAL vs NOP,FG3M,0.5,2025-11-21
Naji Marshall,DAL,NOP,DAL vs NOP,REB,4.5,2025-11-21
Naji Marshall,DAL,NOP,DAL vs NOP,AST,2.5,2025-11-21
Naji Marshall,DAL,NOP,DAL vs NOP,PRA,17.5,2025-11-21
Naji Marshall,DAL,NOP,DAL vs NOP,Q1_REB,1.5,2025-11-21
Saddiq Bey,NOP,DAL,NOP @ DAL,PTS,9.5,2025-11-21
Saddiq Bey,NOP,DAL,NOP @ DAL,FG3M,1.5,2025-11-21
Saddiq Bey,NOP,DAL,NOP @ DAL,REB,3.5,2025-11-21
Saddiq Bey,NOP,DAL,NOP @ DAL,AST,1.5,2025-11-21
Saddiq Bey,NOP,DAL,NOP @ DAL,PRA,14.5,2025-11-21
Jeremiah Fears,NOP,DAL,NOP @ DAL,PTS,13.5,2025-11-21
Jeremiah Fears,NOP,DAL,NOP @ DAL,FG3M,0.5,2025-11-21
Jeremiah Fears,NOP,DAL,NOP @ DAL,REB,2.5,2025-11-21
Jeremiah Fears,NOP,DAL,NOP @ DAL,AST,2.5,2025-11-21
Jeremiah Fears,NOP,DAL,NOP @ DAL,PRA,19.5,2025-11-21
Jeremiah Fears,NOP,DAL,NOP @ DAL,TOV,2.5,2025-11-21
Jeremiah Fears,NOP,DAL,NOP @ DAL,STL,1.5,2025-11-21
Derik Queen,NOP,DAL,NOP @ DAL,PTS,13.5,2025-11-21
Derik Queen,NOP,DAL,NOP @ DAL,FG3M,0.5,2025-11-21
Derik Queen,NOP,DAL,NOP @ DAL,REB,7.5,2025-11-21
Derik Queen,NOP,DAL,NOP @ DAL,AST,3.5,2025-11-21
Derik Queen,NOP,DAL,NOP @ DAL,PRA,25.5,2025-11-21
Derik Queen,NOP,DAL,NOP @ DAL,RA,11.5,2025-11-21
Derik Queen,NOP,DAL,NOP @ DAL,PR,21.5,2025-11-21
Derik Queen,NOP,DAL,NOP @ DAL,Q1_REB,1.5,2025-11-21
Derik Queen,NOP,DAL,NOP @ DAL,TOV,2.5,2025-11-21
Derik Queen,NOP,DAL,NOP @ DAL,STL,1.5,2025-11-21
Derik Queen,NOP,DAL,NOP @ DAL,BLK,1.5,2025-11-21
Anthony Edwards,MIN,PHX,MIN @ PHX,PTS,28.5,2025-11-21
Anthony Edwards,MIN,PHX,MIN @ PHX,FG3M,3.5,2025-11-21
Anthony Edwards,MIN,PHX,MIN @ PHX,REB,4.5,2025-11-21
Anthony Edwards,MIN,PHX,MIN @ PHX,AST,4.5,2025-11-21
Anthony Edwards,MIN,PHX,MIN @ PHX,PRA,37.5,2025-11-21
Anthony Edwards,MIN,PHX,MIN @ PHX,RA,9.5,2025-11-21
Anthony Edwards,MIN,PHX,MIN @ PHX,PR,33.5,2025-11-21
Anthony Edwards,MIN,PHX,MIN @ PHX,PA,32.5,2025-11-21
Anthony Edwards,MIN,PHX,MIN @ PHX,Q1_PTS,7.5,2025-11-21
Anthony Edwards,MIN,PHX,MIN @ PHX,Q1_REB,1.5,2025-11-21
Anthony Edwards,MIN,PHX,MIN @ PHX,TOV,2.5,2025-11-21
Anthony Edwards,MIN,PHX,MIN @ PHX,STL,1.5,2025-11-21
Anthony Edwards,MIN,PHX,MIN @ PHX,FG3A,8.5,2025-11-21
Julius Randle,MIN,PHX,MIN @ PHX,PTS,22.5,2025-11-21
Julius Randle,MIN,PHX,MIN @ PHX,FG3M,1.5,2025-11-21
Julius Randle,MIN,PHX,MIN @ PHX,REB,6.5,2025-11-21
Julius Randle,MIN,PHX,MIN @ PHX,AST,5.5,2025-11-21
Julius Randle,MIN,PHX,MIN @ PHX,PRA,34.5,2025-11-21
Julius Randle,MIN,PHX,MIN @ PHX,RA,12.5,2025-11-21
Julius Randle,MIN,PHX,MIN @ PHX,PR,29.5,2025-11-21
Julius Randle,MIN,PHX,MIN @ PHX,PA,27.5,2025-11-21
Julius Randle,MIN,PHX,MIN @ PHX,Q1_PTS,5.5,2025-11-21
Julius Randle,MIN,PHX,MIN @ PHX,Q1_REB,1.5,2025-11-21
Julius Randle,MIN,PHX,MIN @ PHX,TOV,2.5,2025-11-21
Julius Randle,MIN,PHX,MIN @ PHX,FG3A,4.5,2025-11-21
Dillon Brooks,PHX,MIN,PHX vs MIN,PTS,16.5,2025-11-21
Dillon Brooks,PHX,MIN,PHX vs MIN,FG3M,2.5,2025-11-21
Dillon Brooks,PHX,MIN,PHX vs MIN,REB,2.5,2025-11-21
Dillon Brooks,PHX,MIN,PHX vs MIN,AST,1.5,2025-11-21
Dillon Brooks,PHX,MIN,PHX vs MIN,PRA,21.5,2025-11-21
Dillon Brooks,PHX,MIN,PHX vs MIN,Q1_PTS,4.5,2025-11-21
Dillon Brooks,PHX,MIN,PHX vs MIN,FG3A,6.5,2025-11-21
Jaden McDaniels,MIN,PHX,MIN @ PHX,PTS,14.5,2025-11-21
Jaden McDaniels,MIN,PHX,MIN @ PHX,FG3M,1.5,2025-11-21
Jaden McDaniels,MIN,PHX,MIN @ PHX,REB,4.5,2025-11-21
Jaden McDaniels,MIN,PHX,MIN @ PHX,AST,2.5,2025-11-21
Jaden McDaniels,MIN,PHX,MIN @ PHX,PRA,22.5,2025-11-21
Jaden McDaniels,MIN,PHX,MIN @ PHX,RA,7.5,2025-11-21
Jaden McDaniels,MIN,PHX,MIN @ PHX,PR,19.5,2025-11-21
Jaden McDaniels,MIN,PHX,MIN @ PHX,Q1_PTS,3.5,2025-11-21
Jaden McDaniels,MIN,PHX,MIN @ PHX,Q1_REB,1.5,2025-11-21
Royce O'Neale,PHX,MIN,PHX vs MIN,PTS,10.5,2025-11-21
Royce O'Neale,PHX,MIN,PHX vs MIN,FG3M,2.5,2025-11-21
Royce O'Neale,PHX,MIN,PHX vs MIN,REB,4.5,2025-11-21
Royce O'Neale,PHX,MIN,PHX vs MIN,AST,3.5,2025-11-21
Royce O'Neale,PHX,MIN,PHX vs MIN,PRA,19.5,2025-11-21
Royce O'Neale,PHX,MIN,PHX vs MIN,RA,8.5,2025-11-21
Royce O'Neale,PHX,MIN,PHX vs MIN,Q1_REB,1.5,2025-11-21
Royce O'Neale,PHX,MIN,PHX vs MIN,FG3A,7.5,2025-11-21
Naz Reid,MIN,PHX,MIN @ PHX,PTS,13.5,2025-11-21
Naz Reid,MIN,PHX,MIN @ PHX,FG3M,2.5,2025-11-21
Naz Reid,MIN,PHX,MIN @ PHX,REB,6.5,2025-11-21
Naz Reid,MIN,PHX,MIN @ PHX,AST,1.5,2025-11-21
Naz Reid,MIN,PHX,MIN @ PHX,PRA,22.5,2025-11-21
Naz Reid,MIN,PHX,MIN @ PHX,RA,8.5,2025-11-21
Naz Reid,MIN,PHX,MIN @ PHX,PR,20.5,2025-11-21
Naz Reid,MIN,PHX,MIN @ PHX,Q1_REB,1.5,2025-11-21
Naz Reid,MIN,PHX,MIN @ PHX,FG3A,5.5,2025-11-21
Devin Booker,PHX,MIN,PHX vs MIN,PTS,28.5,2025-11-21
Devin Booker,PHX,MIN,PHX vs MIN,FG3M,1.5,2025-11-21
Devin Booker,PHX,MIN,PHX vs MIN,REB,4.5,2025-11-21
Devin Booker,PHX,MIN,PHX vs MIN,AST,7.5,2025-11-21
Devin Booker,PHX,MIN,PHX vs MIN,PRA,41.5,2025-11-21
Devin Booker,PHX,MIN,PHX vs MIN,RA,11.5,2025-11-21
Devin Booker,PHX,MIN,PHX vs MIN,PR,33.5,2025-11-21
Devin Booker,PHX,MIN,PHX vs MIN,PA,37.5,2025-11-21
Devin Booker,PHX,MIN,PHX vs MIN,Q1_PTS,7.5,2025-11-21
Devin Booker,PHX,MIN,PHX vs MIN,Q1_REB,1.5,2025-11-21
Devin Booker,PHX,MIN,PHX vs MIN,Q1_AST,2.5,2025-11-21
Devin Booker,PHX,MIN,PHX vs MIN,TOV,3.5,2025-11-21
Devin Booker,PHX,MIN,PHX vs MIN,FG3A,5.5,2025-11-21
Rudy Gobert,MIN,PHX,MIN @ PHX,PTS,11.5,2025-11-21
Rudy Gobert,MIN,PHX,MIN @ PHX,REB,10.5,2025-11-21
Rudy Gobert,MIN,PHX,MIN @ PHX,AST,1.5,2025-11-21
Rudy Gobert,MIN,PHX,MIN @ PHX,PRA,23.5,2025-11-21
Rudy Gobert,MIN,PHX,MIN @ PHX,RA,12.5,2025-11-21
Rudy Gobert,MIN,PHX,MIN @ PHX,PR,22.5,2025-11-21
Rudy Gobert,MIN,PHX,MIN @ PHX,Q1_REB,2.5,2025-11-21
Rudy Gobert,MIN,PHX,MIN @ PHX,BLK,1.5,2025-11-21
Donte DiVincenzo,MIN,PHX,MIN @ PHX,PTS,13.5,2025-11-21
Donte DiVincenzo,MIN,PHX,MIN @ PHX,FG3M,3.5,2025-11-21
Donte DiVincenzo,MIN,PHX,MIN @ PHX,REB,4.5,2025-11-21
Donte DiVincenzo,MIN,PHX,MIN @ PHX,AST,3.5,2025-11-21
Donte DiVincenzo,MIN,PHX,MIN @ PHX,PRA,21.5,2025-11-21
Donte DiVincenzo,MIN,PHX,MIN @ PHX,RA,8.5,2025-11-21
Donte DiVincenzo,MIN,PHX,MIN @ PHX,Q1_REB,1.5,2025-11-21
Donte DiVincenzo,MIN,PHX,MIN @ PHX,STL,1.5,2025-11-21
Donte DiVincenzo,MIN,PHX,MIN @ PHX,FG3A,7.5,2025-11-21
Mark Williams,PHX,MIN,PHX vs MIN,PTS,13.5,2025-11-21
Mark Williams,PHX,MIN,PHX vs MIN,REB,9.5,2025-11-21
Mark Williams,PHX,MIN,PHX vs MIN,AST,1.5,2025-11-21
Mark Williams,PHX,MIN,PHX vs MIN,PRA,24.5,2025-11-21
Mark Williams,PHX,MIN,PHX vs MIN,RA,10.5,2025-11-21
Mark Williams,PHX,MIN,PHX vs MIN,PR,22.5,2025-11-21
Mark Williams,PHX,MIN,PHX vs MIN,Q1_PTS,3.5,2025-11-21
Mark Williams,PHX,MIN,PHX vs MIN,Q1_REB,2.5,2025-11-21
Mark Williams,PHX,MIN,PHX vs MIN,BLK,1.5,2025-11-21
Ryan Dunn,PHX,MIN,PHX vs MIN,PTS,8.5,2025-11-21
Ryan Dunn,PHX,MIN,PHX vs MIN,FG3M,1.5,2025-11-21
Ryan Dunn,PHX,MIN,PHX vs MIN,REB,4.5,2025-11-21
Ryan Dunn,PHX,MIN,PHX vs MIN,AST,1.5,2025-11-21
Ryan Dunn,PHX,MIN,PHX vs MIN,PRA,15.5,2025-11-21
Ryan Dunn,PHX,MIN,PHX vs MIN,Q1_REB,1.5,2025-11-21
Nikola Jokic,DEN,HOU,DEN @ HOU,PTS,27.5,2025-11-21
Nikola Jokic,DEN,HOU,DEN @ HOU,FG3M,1.5,2025-11-21
Nikola Jokic,DEN,HOU,DEN @ HOU,REB,11.5,2025-11-21
Nikola Jokic,DEN,HOU,DEN @ HOU,AST,10.5,2025-11-21
Nikola Jokic,DEN,HOU,DEN @ HOU,PRA,50.5,2025-11-21
Nikola Jokic,DEN,HOU,DEN @ HOU,RA,22.5,2025-11-21
Nikola Jokic,DEN,HOU,DEN @ HOU,PR,40.5,2025-11-21
Nikola Jokic,DEN,HOU,DEN @ HOU,PA,38.5,2025-11-21
Nikola Jokic,DEN,HOU,DEN @ HOU,Q1_PTS,8.5,2025-11-21
Nikola Jokic,DEN,HOU,DEN @ HOU,Q1_REB,3.5,2025-11-21
Nikola Jokic,DEN,HOU,DEN @ HOU,Q1_AST,3.5,2025-11-21
Nikola Jokic,DEN,HOU,DEN @ HOU,TOV,3.5,2025-11-21
Nikola Jokic,DEN,HOU,DEN @ HOU,STL,1.5,2025-11-21
Nikola Jokic,DEN,HOU,DEN @ HOU,FG3A,4.5,2025-11-21
Jamal Murray,DEN,HOU,DEN @ HOU,PTS,21.5,2025-11-21
Jamal Murray,DEN,HOU,DEN @ HOU,FG3M,2.5,2025-11-21
Jamal Murray,DEN,HOU,DEN @ HOU,REB,3.5,2025-11-21
Jamal Murray,DEN,HOU,DEN @ HOU,AST,5.5,2025-11-21
Jamal Murray,DEN,HOU,DEN @ HOU,PRA,31.5,2025-11-21
Jamal Murray,DEN,HOU,DEN @ HOU,RA,9.5,2025-11-21
Jamal Murray,DEN,HOU,DEN @ HOU,PR,25.5,2025-11-21
Jamal Murray,DEN,HOU,DEN @ HOU,PA,27.5,2025-11-21
Jamal Murray,DEN,HOU,DEN @ HOU,Q1_PTS,4.5,2025-11-21
Jamal Murray,DEN,HOU,DEN @ HOU,TOV,2.5,2025-11-21
Jamal Murray,DEN,HOU,DEN @ HOU,FG3A,6.5,2025-11-21
Aaron Gordon,DEN,HOU,DEN @ HOU,PTS,16.5,2025-11-21
Aaron Gordon,DEN,HOU,DEN @ HOU,FG3M,1.5,2025-11-21
Aaron Gordon,DEN,HOU,DEN @ HOU,REB,4.5,2025-11-21
Aaron Gordon,DEN,HOU,DEN @ HOU,AST,1.5,2025-11-21
Aaron Gordon,DEN,HOU,DEN @ HOU,PRA,23.5,2025-11-21
Aaron Gordon,DEN,HOU,DEN @ HOU,PR,22.5,2025-11-21
Aaron Gordon,DEN,HOU,DEN @ HOU,Q1_PTS,4.5,2025-11-21
Aaron Gordon,DEN,HOU,DEN @ HOU,Q1_REB,1.5,2025-11-21
Aaron Gordon,DEN,HOU,DEN @ HOU,FG3A,4.5,2025-11-21
Jabari Smith Jr.,HOU,DEN,HOU vs DEN,PTS,13.5,2025-11-21
Jabari Smith Jr.,HOU,DEN,HOU vs DEN,FG3M,1.5,2025-11-21
Jabari Smith Jr.,HOU,DEN,HOU vs DEN,REB,5.5,2025-11-21
Jabari Smith Jr.,HOU,DEN,HOU vs DEN,AST,1.5,2025-11-21
Jabari Smith Jr.,HOU,DEN,HOU vs DEN,PRA,21.5,2025-11-21
Jabari Smith Jr.,HOU,DEN,HOU vs DEN,RA,7.5,2025-11-21
Jabari Smith Jr.,HOU,DEN,HOU vs DEN,PR,19.5,2025-11-21
Jabari Smith Jr.,HOU,DEN,HOU vs DEN,Q1_REB,1.5,2025-11-21
Jabari Smith Jr.,HOU,DEN,HOU vs DEN,FG3A,4.5,2025-11-21
Kevin Durant,HOU,DEN,HOU vs DEN,PTS,26.5,2025-11-21
Kevin Durant,HOU,DEN,HOU vs DEN,FG3M,2.5,2025-11-21
Kevin Durant,HOU,DEN,HOU vs DEN,REB,4.5,2025-11-21
Kevin Durant,HOU,DEN,HOU vs DEN,AST,3.5,2025-11-21
Kevin Durant,HOU,DEN,HOU vs DEN,PRA,35.5,2025-11-21
Kevin Durant,HOU,DEN,HOU vs DEN,RA,8.5,2025-11-21
Kevin Durant,HOU,DEN,HOU vs DEN,PR,31.5,2025-11-21
Kevin Durant,HOU,DEN,HOU vs DEN,PA,30.5,2025-11-21
Kevin Durant,HOU,DEN,HOU vs DEN,Q1_PTS,6.5,2025-11-21
Kevin Durant,HOU,DEN,HOU vs DEN,Q1_REB,1.5,2025-11-21
Kevin Durant,HOU,DEN,HOU vs DEN,TOV,2.5,2025-11-21
Kevin Durant,HOU,DEN,HOU vs DEN,FG3A,5.5,2025-11-21
Alperen Sengun,HOU,DEN,HOU vs DEN,PTS,23.5,2025-11-21
Alperen Sengun,HOU,DEN,HOU vs DEN,FG3M,0.5,2025-11-21
Alperen Sengun,HOU,DEN,HOU vs DEN,REB,9.5,2025-11-21
Alperen Sengun,HOU,DEN,HOU vs DEN,AST,6.5,2025-11-21
Alperen Sengun,HOU,DEN,HOU vs DEN,PRA,40.5,2025-11-21
Alperen Sengun,HOU,DEN,HOU vs DEN,RA,16.5,2025-11-21
Alperen Sengun,HOU,DEN,HOU vs DEN,PR,33.5,2025-11-21
Alperen Sengun,HOU,DEN,HOU vs DEN,PA,30.5,2025-11-21
Alperen Sengun,HOU,DEN,HOU vs DEN,Q1_PTS,5.5,2025-11-21
Alperen Sengun,HOU,DEN,HOU vs DEN,Q1_REB,2.5,2025-11-21
Alperen Sengun,HOU,DEN,HOU vs DEN,TOV,2.5,2025-11-21
Alperen Sengun,HOU,DEN,HOU vs DEN,STL,1.5,2025-11-21
Cam Johnson,DEN,HOU,DEN @ HOU,PTS,11.5,2025-11-21
Cam Johnson,DEN,HOU,DEN @ HOU,FG3M,1.5,2025-11-21
Cam Johnson,DEN,HOU,DEN @ HOU,REB,3.5,2025-11-21
Cam Johnson,DEN,HOU,DEN @ HOU,AST,2.5,2025-11-21
Cam Johnson,DEN,HOU,DEN @ HOU,PRA,17.5,2025-11-21
Cam Johnson,DEN,HOU,DEN @ HOU,FG3A,4.5,2025-11-21
Amen Thompson,HOU,DEN,HOU vs DEN,PTS,17.5,2025-11-21
Amen Thompson,HOU,DEN,HOU vs DEN,FG3M,0.5,2025-11-21
Amen Thompson,HOU,DEN,HOU vs DEN,REB,6.5,2025-11-21
Amen Thompson,HOU,DEN,HOU vs DEN,AST,5.5,2025-11-21
Amen Thompson,HOU,DEN,HOU vs DEN,PRA,28.5,2025-11-21
Amen Thompson,HOU,DEN,HOU vs DEN,RA,11.5,2025-11-21
Amen Thompson,HOU,DEN,HOU vs DEN,PR,23.5,2025-11-21
Amen Thompson,HOU,DEN,HOU vs DEN,PA,22.5,2025-11-21
Amen Thompson,HOU,DEN,HOU vs DEN,Q1_PTS,4.5,2025-11-21
Amen Thompson,HOU,DEN,HOU vs DEN,Q1_REB,1.5,2025-11-21
Amen Thompson,HOU,DEN,HOU vs DEN,STL,1.5,2025-11-21
Shai Gilgeous-Alexander,OKC,UTA,OKC @ UTA,PTS,30.5,2025-11-21
Shai Gilgeous-Alexander,OKC,UTA,OKC @ UTA,FG3M,1.5,2025-11-21
Shai Gilgeous-Alexander,OKC,UTA,OKC @ UTA,REB,4.5,2025-11-21
Shai Gilgeous-Alexander,OKC,UTA,OKC @ UTA,AST,6.5,2025-11-21
Shai Gilgeous-Alexander,OKC,UTA,OKC @ UTA,PRA,42.5,2025-11-21
Shai Gilgeous-Alexander,OKC,UTA,OKC @ UTA,RA,11.5,2025-11-21
Shai Gilgeous-Alexander,OKC,UTA,OKC @ UTA,PR,35.5,2025-11-21
Shai Gilgeous-Alexander,OKC,UTA,OKC @ UTA,PA,37.5,2025-11-21
Shai Gilgeous-Alexander,OKC,UTA,OKC @ UTA,Q1_PTS,10.5,2025-11-21
Shai Gilgeous-Alexander,OKC,UTA,OKC @ UTA,Q1_REB,1.5,2025-11-21
Shai Gilgeous-Alexander,OKC,UTA,OKC @ UTA,Q1_AST,2.5,2025-11-21
Shai Gilgeous-Alexander,OKC,UTA,OKC @ UTA,TOV,2.5,2025-11-21
Shai Gilgeous-Alexander,OKC,UTA,OKC @ UTA,STL,1.5,2025-11-21
Shai Gilgeous-Alexander,OKC,UTA,OKC @ UTA,FG3A,5.5,2025-11-21
Lauri Markkanen,UTA,OKC,UTA vs OKC,PTS,25.5,2025-11-21
Lauri Markkanen,UTA,OKC,UTA vs OKC,FG3M,3.5,2025-11-21
Lauri Markkanen,UTA,OKC,UTA vs OKC,REB,5.5,2025-11-21
Lauri Markkanen,UTA,OKC,UTA vs OKC,AST,1.5,2025-11-21
Lauri Markkanen,UTA,OKC,UTA vs OKC,PRA,33.5,2025-11-21
Lauri Markkanen,UTA,OKC,UTA vs OKC,RA,7.5,2025-11-21
Lauri Markkanen,UTA,OKC,UTA vs OKC,PR,31.5,2025-11-21
Lauri Markkanen,UTA,OKC,UTA vs OKC,PA,27.5,2025-11-21
Lauri Markkanen,UTA,OKC,UTA vs OKC,Q1_PTS,6.5,2025-11-21
Lauri Markkanen,UTA,OKC,UTA vs OKC,Q1_REB,1.5,2025-11-21
Lauri Markkanen,UTA,OKC,UTA vs OKC,TOV,2.5,2025-11-21
Lauri Markkanen,UTA,OKC,UTA vs OKC,FG3A,8.5,2025-11-21
Ace Bailey,UTA,OKC,UTA vs OKC,PTS,10.5,2025-11-21
Ace Bailey,UTA,OKC,UTA vs OKC,FG3M,1.5,2025-11-21
Ace Bailey,UTA,OKC,UTA vs OKC,REB,3.5,2025-11-21
Ace Bailey,UTA,OKC,UTA vs OKC,AST,1.5,2025-11-21
Ace Bailey,UTA,OKC,UTA vs OKC,PRA,15.5,2025-11-21
Ace Bailey,UTA,OKC,UTA vs OKC,FG3A,4.5,2025-11-21
Jusuf Nurkic,UTA,OKC,UTA vs OKC,PTS,9.5,2025-11-21
Jusuf Nurkic,UTA,OKC,UTA vs OKC,FG3M,0.5,2025-11-21
Jusuf Nurkic,UTA,OKC,UTA vs OKC,REB,9.5,2025-11-21
Jusuf Nurkic,UTA,OKC,UTA vs OKC,AST,3.5,2025-11-21
Jusuf Nurkic,UTA,OKC,UTA vs OKC,PRA,23.5,2025-11-21
Jusuf Nurkic,UTA,OKC,UTA vs OKC,RA,13.5,2025-11-21
Jusuf Nurkic,UTA,OKC,UTA vs OKC,PR,19.5,2025-11-21
Jusuf Nurkic,UTA,OKC,UTA vs OKC,Q1_REB,2.5,2025-11-21
Jusuf Nurkic,UTA,OKC,UTA vs OKC,TOV,2.5,2025-11-21
Jusuf Nurkic,UTA,OKC,UTA vs OKC,STL,1.5,2025-11-21
Isaiah Hartenstein,OKC,UTA,OKC @ UTA,PTS,11.5,2025-11-21
Isaiah Hartenstein,OKC,UTA,OKC @ UTA,REB,10.5,2025-11-21
Isaiah Hartenstein,OKC,UTA,OKC @ UTA,AST,2.5,2025-11-21
Isaiah Hartenstein,OKC,UTA,OKC @ UTA,PRA,24.5,2025-11-21
Isaiah Hartenstein,OKC,UTA,OKC @ UTA,RA,13.5,2025-11-21
Isaiah Hartenstein,OKC,UTA,OKC @ UTA,PR,21.5,2025-11-21
Isaiah Hartenstein,OKC,UTA,OKC @ UTA,Q1_REB,2.5,2025-11-21
Isaiah Hartenstein,OKC,UTA,OKC @ UTA,STL,1.5,2025-11-21
Ajay Mitchell,OKC,UTA,OKC @ UTA,PTS,15.5,2025-11-21
Ajay Mitchell,OKC,UTA,OKC @ UTA,FG3M,1.5,2025-11-21
Ajay Mitchell,OKC,UTA,OKC @ UTA,REB,3.5,2025-11-21
Ajay Mitchell,OKC,UTA,OKC @ UTA,AST,3.5,2025-11-21
Ajay Mitchell,OKC,UTA,OKC @ UTA,PRA,23.5,2025-11-21
Ajay Mitchell,OKC,UTA,OKC @ UTA,RA,7.5,2025-11-21
Ajay Mitchell,OKC,UTA,OKC @ UTA,PR,19.5,2025-11-21
Ajay Mitchell,OKC,UTA,OKC @ UTA,PA,19.5,2025-11-21
Ajay Mitchell,OKC,UTA,OKC @ UTA,STL,1.5,2025-11-21
Keyonte George,UTA,OKC,UTA vs OKC,PTS,21.5,2025-11-21
Keyonte George,UTA,OKC,UTA vs OKC,FG3M,2.5,2025-11-21
Keyonte George,UTA,OKC,UTA vs OKC,REB,3.5,2025-11-21
Keyonte George,UTA,OKC,UTA vs OKC,AST,5.5,2025-11-21
Keyonte George,UTA,OKC,UTA vs OKC,PRA,31.5,2025-11-21
Keyonte George,UTA,OKC,UTA vs OKC,RA,10.5,2025-11-21
Keyonte George,UTA,OKC,UTA vs OKC,PR,24.5,2025-11-21
Keyonte George,UTA,OKC,UTA vs OKC,PA,27.5,2025-11-21
Keyonte George,UTA,OKC,UTA vs OKC,Q1_PTS,4.5,2025-11-21
Keyonte George,UTA,OKC,UTA vs OKC,TOV,3.5,2025-11-21
Keyonte George,UTA,OKC,UTA vs OKC,FG3A,6.5,2025-11-21
Chet Holmgren,OKC,UTA,OKC @ UTA,PTS,18.5,2025-11-21
Chet Holmgren,OKC,UTA,OKC @ UTA,FG3M,1.5,2025-11-21
Chet Holmgren,OKC,UTA,OKC @ UTA,REB,7.5,2025-11-21
Chet Holmgren,OKC,UTA,OKC @ UTA,AST,1.5,2025-11-21
Chet Holmgren,OKC,UTA,OKC @ UTA,PRA,27.5,2025-11-21
Chet Holmgren,OKC,UTA,OKC @ UTA,RA,9.5,2025-11-21
Chet Holmgren,OKC,UTA,OKC @ UTA,PR,26.5,2025-11-21
Chet Holmgren,OKC,UTA,OKC @ UTA,PA,20.5,2025-11-21
Chet Holmgren,OKC,UTA,OKC @ UTA,Q1_PTS,4.5,2025-11-21
Chet Holmgren,OKC,UTA,OKC @ UTA,Q1_REB,2.5,2025-11-21
Chet Holmgren,OKC,UTA,OKC @ UTA,BLK,1.5,2025-11-21
Chet Holmgren,OKC,UTA,OKC @ UTA,FG3A,4.5,2025-11-21
Lu Dort,OKC,UTA,OKC @ UTA,PTS,9.5,2025-11-21
Lu Dort,OKC,UTA,OKC @ UTA,FG3M,1.5,2025-11-21
Lu Dort,OKC,UTA,OKC @ UTA,REB,3.5,2025-11-21
Lu Dort,OKC,UTA,OKC @ UTA,AST,1.5,2025-11-21
Lu Dort,OKC,UTA,OKC @ UTA,PRA,14.5,2025-11-21
Lu Dort,OKC,UTA,OKC @ UTA,STL,1.5,2025-11-21
Lu Dort,OKC,UTA,OKC @ UTA,FG3A,5.5,2025-11-21
Cason Wallace,OKC,UTA,OKC @ UTA,PTS,8.5,2025-11-21
Cason Wallace,OKC,UTA,OKC @ UTA,FG3M,1.5,2025-11-21
Cason Wallace,OKC,UTA,OKC @ UTA,REB,2.5,2025-11-21
Cason Wallace,OKC,UTA,OKC @ UTA,AST,2.5,2025-11-21
Cason Wallace,OKC,UTA,OKC @ UTA,PRA,14.5,2025-11-21
Cason Wallace,OKC,UTA,OKC @ UTA,STL,1.5,2025-11-21
Svi Mykhailiuk,UTA,OKC,UTA vs OKC,PTS,8.5,2025-11-21
Svi Mykhailiuk,UTA,OKC,UTA vs OKC,FG3M,1.5,2025-11-21
Svi Mykhailiuk,UTA,OKC,UTA vs OKC,REB,2.5,2025-11-21
Svi Mykhailiuk,UTA,OKC,UTA vs OKC,AST,2.5,2025-11-21
Svi Mykhailiuk,UTA,OKC,UTA vs OKC,PRA,12.5,2025-11-21
Svi Mykhailiuk,UTA,OKC,UTA vs OKC,FG3A,4.5,2025-11-21
Stephen Curry,GSW,POR,GSW vs POR,PTS,26.5,2025-11-21
Stephen Curry,GSW,POR,GSW vs POR,FG3M,4.5,2025-11-21
Stephen Curry,GSW,POR,GSW vs POR,REB,4.5,2025-11-21
Stephen Curry,GSW,POR,GSW vs POR,AST,4.5,2025-11-21
Stephen Curry,GSW,POR,GSW vs POR,PRA,36.5,2025-11-21
Stephen Curry,GSW,POR,GSW vs POR,RA,8.5,2025-11-21
Stephen Curry,GSW,POR,GSW vs POR,PR,31.5,2025-11-21
Stephen Curry,GSW,POR,GSW vs POR,PA,31.5,2025-11-21
Stephen Curry,GSW,POR,GSW vs POR,Q1_PTS,6.5,2025-11-21
Stephen Curry,GSW,POR,GSW vs POR,Q1_REB,1.5,2025-11-21
Stephen Curry,GSW,POR,GSW vs POR,TOV,2.5,2025-11-21
Stephen Curry,GSW,POR,GSW vs POR,STL,1.5,2025-11-21
Stephen Curry,GSW,POR,GSW vs POR,FG3A,10.5,2025-11-21
Draymond Green,GSW,POR,GSW vs POR,PTS,9.5,2025-11-21
Draymond Green,GSW,POR,GSW vs POR,FG3M,1.5,2025-11-21
Draymond Green,GSW,POR,GSW vs POR,REB,6.5,2025-11-21
Draymond Green,GSW,POR,GSW vs POR,AST,5.5,2025-11-21
Draymond Green,GSW,POR,GSW vs POR,PRA,21.5,2025-11-21
Draymond Green,GSW,POR,GSW vs POR,RA,11.5,2025-11-21
Draymond Green,GSW,POR,GSW vs POR,Q1_REB,1.5,2025-11-21
Draymond Green,GSW,POR,GSW vs POR,TOV,2.5,2025-11-21
Draymond Green,GSW,POR,GSW vs POR,FG3A,4.5,2025-11-21
Brandin Podziemski,GSW,POR,GSW vs POR,PTS,11.5,2025-11-21
Brandin Podziemski,GSW,POR,GSW vs POR,FG3M,1.5,2025-11-21
Brandin Podziemski,GSW,POR,GSW vs POR,REB,4.5,2025-11-21
Brandin Podziemski,GSW,POR,GSW vs POR,AST,3.5,2025-11-21
Brandin Podziemski,GSW,POR,GSW vs POR,PRA,20.5,2025-11-21
Brandin Podziemski,GSW,POR,GSW vs POR,RA,8.5,2025-11-21
Brandin Podziemski,GSW,POR,GSW vs POR,Q1_REB,1.5,2025-11-21
Brandin Podziemski,GSW,POR,GSW vs POR,FG3A,4.5,2025-11-21
Al Horford,GSW,POR,GSW vs POR,PTS,7.5,2025-11-21
Al Horford,GSW,POR,GSW vs POR,FG3M,1.5,2025-11-21
Al Horford,GSW,POR,GSW vs POR,REB,4.5,2025-11-21
Al Horford,GSW,POR,GSW vs POR,AST,1.5,2025-11-21
Al Horford,GSW,POR,GSW vs POR,PRA,14.5,2025-11-21
Al Horford,GSW,POR,GSW vs POR,Q1_REB,1.5,2025-11-21
Al Horford,GSW,POR,GSW vs POR,FG3A,4.5,2025-11-21
Shaedon Sharpe,POR,GSW,POR @ GSW,PTS,24.5,2025-11-21
Shaedon Sharpe,POR,GSW,POR @ GSW,FG3M,2.5,2025-11-21
Shaedon Sharpe,POR,GSW,POR @ GSW,REB,5.5,2025-11-21
Shaedon Sharpe,POR,GSW,POR @ GSW,AST,2.5,2025-11-21
Shaedon Sharpe,POR,GSW,POR @ GSW,PRA,32.5,2025-11-21
Shaedon Sharpe,POR,GSW,POR @ GSW,RA,7.5,2025-11-21
Shaedon Sharpe,POR,GSW,POR @ GSW,PR,30.5,2025-11-21
Shaedon Sharpe,POR,GSW,POR @ GSW,PA,27.5,2025-11-21
Shaedon Sharpe,POR,GSW,POR @ GSW,Q1_PTS,6.5,2025-11-21
Shaedon Sharpe,POR,GSW,POR @ GSW,Q1_REB,1.5,2025-11-21
Shaedon Sharpe,POR,GSW,POR @ GSW,TOV,2.5,2025-11-21
Shaedon Sharpe,POR,GSW,POR @ GSW,STL,1.5,2025-11-21
Shaedon Sharpe,POR,GSW,POR @ GSW,FG3A,7.5,2025-11-21
Toumani Camara,POR,GSW,POR @ GSW,PTS,12.5,2025-11-21
Toumani Camara,POR,GSW,POR @ GSW,FG3M,2.5,2025-11-21
Toumani Camara,POR,GSW,POR @ GSW,REB,5.5,2025-11-21
Toumani Camara,POR,GSW,POR @ GSW,AST,2.5,2025-11-21
Toumani Camara,POR,GSW,POR @ GSW,PRA,21.5,2025-11-21
Toumani Camara,POR,GSW,POR @ GSW,RA,8.5,2025-11-21
Toumani Camara,POR,GSW,POR @ GSW,Q1_PTS,3.5,2025-11-21
Toumani Camara,POR,GSW,POR @ GSW,Q1_REB,1.5,2025-11-21
Toumani Camara,POR,GSW,POR @ GSW,STL,1.5,2025-11-21
Toumani Camara,POR,GSW,POR @ GSW,FG3A,6.5,2025-11-21
Moses Moody,GSW,POR,GSW vs POR,PTS,12.5,2025-11-21
Moses Moody,GSW,POR,GSW vs POR,FG3M,2.5,2025-11-21
Moses Moody,GSW,POR,GSW vs POR,REB,3.5,2025-11-21
Moses Moody,GSW,POR,GSW vs POR,AST,1.5,2025-11-21
Moses Moody,GSW,POR,GSW vs POR,PRA,18.5,2025-11-21
Moses Moody,GSW,POR,GSW vs POR,Q1_PTS,3.5,2025-11-21
Moses Moody,GSW,POR,GSW vs POR,STL,1.5,2025-11-21
Moses Moody,GSW,POR,GSW vs POR,FG3A,6.5,2025-11-21
Jimmy Butler,GSW,POR,GSW vs POR,PTS,22.5,2025-11-21
Jimmy Butler,GSW,POR,GSW vs POR,FG3M,0.5,2025-11-21
Jimmy Butler,GSW,POR,GSW vs POR,REB,6.5,2025-11-21
Jimmy Butler,GSW,POR,GSW vs POR,AST,5.5,2025-11-21
Jimmy Butler,GSW,POR,GSW vs POR,PRA,32.5,2025-11-21
Jimmy Butler,GSW,POR,GSW vs POR,RA,11.5,2025-11-21
Jimmy Butler,GSW,POR,GSW vs POR,PR,28.5,2025-11-21
Jimmy Butler,GSW,POR,GSW vs POR,PA,27.5,2025-11-21
Jimmy Butler,GSW,POR,GSW vs POR,Q1_PTS,5.5,2025-11-21
Jimmy Butler,GSW,POR,GSW vs POR,Q1_REB,1.5,2025-11-21
Jimmy Butler,GSW,POR,GSW vs POR,STL,1.5,2025-11-21
Jrue Holiday,POR,GSW,POR @ GSW,PTS,14.5,2025-11-21
Jrue Holiday,POR,GSW,POR @ GSW,FG3M,1.5,2025-11-21
Jrue Holiday,POR,GSW,POR @ GSW,REB,4.5,2025-11-21
Jrue Holiday,POR,GSW,POR @ GSW,AST,6.5,2025-11-21
Jrue Holiday,POR,GSW,POR @ GSW,PRA,26.5,2025-11-21
Jrue Holiday,POR,GSW,POR @ GSW,RA,11.5,2025-11-21
Jrue Holiday,POR,GSW,POR @ GSW,PR,19.5,2025-11-21
Jrue Holiday,POR,GSW,POR @ GSW,PA,21.5,2025-11-21
Jrue Holiday,POR,GSW,POR @ GSW,Q1_PTS,3.5,2025-11-21
Jrue Holiday,POR,GSW,POR @ GSW,Q1_REB,1.5,2025-11-21
Jrue Holiday,POR,GSW,POR @ GSW,TOV,2.5,2025-11-21
Jrue Holiday,POR,GSW,POR @ GSW,STL,1.5,2025-11-21
Jrue Holiday,POR,GSW,POR @ GSW,FG3A,5.5,2025-11-21
Deni Avdija,POR,GSW,POR @ GSW,PTS,25.5,2025-11-21
Deni Avdija,POR,GSW,POR @ GSW,FG3M,2.5,2025-11-21
Deni Avdija,POR,GSW,POR @ GSW,REB,7.5,2025-11-21
Deni Avdija,POR,GSW,POR @ GSW,AST,4.5,2025-11-21
Deni Avdija,POR,GSW,POR @ GSW,PRA,37.5,2025-11-21
Deni Avdija,POR,GSW,POR @ GSW,RA,12.5,2025-11-21
Deni Avdija,POR,GSW,POR @ GSW,PR,32.5,2025-11-21
Deni Avdija,POR,GSW,POR @ GSW,PA,30.5,2025-11-21
Deni Avdija,POR,GSW,POR @ GSW,Q1_PTS,5.5,2025-11-21
Deni Avdija,POR,GSW,POR @ GSW,Q1_REB,1.5,2025-11-21
Deni Avdija,POR,GSW,POR @ GSW,TOV,3.5,2025-11-21
Deni Avdija,POR,GSW,POR @ GSW,FG3A,6.5,2025-11-21
Buddy Hield,GSW,POR,GSW vs POR,PTS,8.5,2025-11-21
Buddy Hield,GSW,POR,GSW vs POR,FG3M,1.5,2025-11-21
Buddy Hield,GSW,POR,GSW vs POR,REB,2.5,2025-11-21
Buddy Hield,GSW,POR,GSW vs POR,AST,1.5,2025-11-21
Buddy Hield,GSW,POR,GSW vs POR,PRA,12.5,2025-11-21
Buddy Hield,GSW,POR,GSW vs POR,FG3A,4.5,2025-11-21
Donovan Clingan,POR,GSW,POR @ GSW,PTS,9.5,2025-11-21
Donovan Clingan,POR,GSW,POR @ GSW,FG3M,0.5,2025-11-21
Donovan Clingan,POR,GSW,POR @ GSW,REB,10.5,2025-11-21
Donovan Clingan,POR,GSW,POR @ GSW,AST,1.5,2025-11-21
Donovan Clingan,POR,GSW,POR @ GSW,PRA,21.5,2025-11-21
Donovan Clingan,POR,GSW,POR @ GSW,RA,11.5,2025-11-21
Donovan Clingan,POR,GSW,POR @ GSW,PR,20.5,2025-11-21
Donovan Clingan,POR,GSW,POR @ GSW,Q1_REB,2.5,2025-11-21
Donovan Clingan,POR,GSW,POR @ GSW,BLK,1.5,2025-11-21
Will Richard,GSW,POR,GSW vs POR,PTS,6.5,2025-11-21
Will Richard,GSW,POR,GSW vs POR,FG3M,0.5,2025-11-21
Will Richard,GSW,POR,GSW vs POR,REB,2.5,2025-11-21
Will Richard,GSW,POR,GSW vs POR,AST,1.5,2025-11-21
Will Richard,GSW,POR,GSW vs POR,PRA,10.5,2025-11-21
