Player Name,Prop Category,Prop Line,GAME_DATE,Matchup,Team,Opponent,Best Pick,Tier,Score,Edge,Win_Prob,Median_Proj,TEAM_MISSING_USG,join_player,join_date,SEASON_ID,PLAYER_ID,Game_ID,GAME_DATE_box,MATCHUP,WL,MIN,FGM,FGA,FG_PCT,FG3M,FG3A,FG3_PCT,FTM,FTA,FT_PCT,OREB,DREB,REB,AST,STL,BLK,TOV,PF,PTS,PLUS_MINUS,VIDEO_AVAILABLE,PLAYER_NAME,TEAM_ABBREVIATION,Player_Clean,PRA,PR,PA,RA,STK,FANTASY_PTS,TS_PCT,USG_PROXY,TEAM_MISSING_USG_box,TEAM_MISSING_MIN,Actual Value,Result (O/U/P),Correctness
Dyson Daniels,PTS,12.5,2025-11-20,ATL @ SAS,ATL,SAS,Under,S Tier,3.71,-3.71,0.965489,8.788661527811414,0.0,dyson daniels,2025-11-20,22025.0,1630700.0,22500267.0,2025-11-20,ATL @ SAS,L,31.0,4.0,8.0,0.5,0.0,2.0,0.0,0.0,1.0,0.0,1.0,5.0,6.0,5.0,3.0,0.0,5.0,3.0,8.0,-2.0,1.0,Dyson Daniels,ATL,dyson daniels,19.0,14.0,13.0,11.0,3.0,26.7,0.4739336492890995,0.4335483870967742,0.0,0.0,8.0,Under,Correct
Ivica Zubac,PRA,31.5,2025-11-20,LAC @ ORL,LAC,ORL,Under,S Tier,4.29,-4.29,0.957973,27.21448942680595,15.5,ivica zubac,2025-11-20,22025.0,1627826.0,22500264.0,2025-11-20,LAC @ ORL,L,32.0,7.0,16.0,0.438,0.0,0.0,0.0,0.0,0.0,0.0,5.0,14.0,19.0,0.0,0.0,0.0,1.0,2.0,14.0,-8.0,1.0,Ivica Zubac,LAC,ivica zubac,33.0,33.0,14.0,19.0,0.0,35.8,0.4375,0.53125,15.5,21.3,33.0,Over,Incorrect
Dyson Daniels,PRA,23.5,2025-11-20,ATL @ SAS,ATL,SAS,Under,S Tier,5.11,-5.11,0.91956735,18.38782470574791,0.0,dyson daniels,2025-11-20,22025.0,1630700.0,22500267.0,2025-11-20,ATL @ SAS,L,31.0,4.0,8.0,0.5,0.0,2.0,0.0,0.0,1.0,0.0,1.0,5.0,6.0,5.0,3.0,0.0,5.0,3.0,8.0,-2.0,1.0,Dyson Daniels,ATL,dyson daniels,19.0,14.0,13.0,11.0,3.0,26.7,0.4739336492890995,0.4335483870967742,0.0,0.0,19.0,Under,Correct
Jeremy Sochan,PRA,16.5,2025-11-20,SAS vs ATL,SAS,ATL,Under,S Tier,2.13,-2.13,0.89446753,14.373709262980132,55.9,jeremy sochan,2025-11-20,22025.0,1631110.0,22500267.0,2025-11-20,SAS vs. ATL,W,22.0,3.0,10.0,0.3,0.0,5.0,0.0,2.0,2.0,1.0,0.0,5.0,5.0,5.0,1.0,1.0,0.0,1.0,8.0,0.0,1.0,Jeremy Sochan,SAS,jeremy sochan,18.0,13.0,13.0,10.0,2.0,27.5,0.3676470588235294,0.4945454545454545,55.9,55.9,18.0,Over,Incorrect
Ivica Zubac,PTS,17.5,2025-11-20,LAC @ ORL,LAC,ORL,Under,S Tier,2.39,-2.39,0.8676431,15.11154439292052,15.5,ivica zubac,2025-11-20,22025.0,1627826.0,22500264.0,2025-11-20,LAC @ ORL,L,32.0,7.0,16.0,0.438,0.0,0.0,0.0,0.0,0.0,0.0,5.0,14.0,19.0,0.0,0.0,0.0,1.0,2.0,14.0,-8.0,1.0,Ivica Zubac,LAC,ivica zubac,33.0,33.0,14.0,19.0,0.0,35.8,0.4375,0.53125,15.5,21.3,14.0,Under,Correct
James Harden,PTS,26.5,2025-11-20,LAC @ ORL,LAC,ORL,Over,S Tier,2.87,2.87,0.8659441,29.365217828462217,15.5,james harden,2025-11-20,22025.0,201935.0,22500264.0,2025-11-20,LAC @ ORL,L,31.0,8.0,16.0,0.5,5.0,11.0,0.455,10.0,12.0,0.833,1.0,4.0,5.0,8.0,2.0,0.0,5.0,1.0,31.0,-20.0,1.0,James Harden,LAC,james harden,44.0,36.0,39.0,13.0,2.0,50.0,0.7283834586466165,0.847741935483871,15.5,21.3,31.0,Over,Correct
Joel Embiid,PRA,27.5,2025-11-20,PHI @ MIL,PHI,MIL,Over,S Tier,1.89,1.89,0.86582124,29.39138179332567,0.0,joel embiid,2025-11-20,,,,,,,,,,,,,,,,,,,,,,,,,,,,,,,,,,,,,,,,,,Missing Data,
Harrison Barnes,PRA,20.5,2025-11-20,SAS vs ATL,SAS,ATL,Under,S Tier,3.03,-3.03,0.8655914,17.470693859651586,55.9,harrison barnes,2025-11-20,22025.0,203084.0,22500267.0,2025-11-20,SAS vs. ATL,W,34.0,5.0,13.0,0.385,2.0,8.0,0.25,4.0,4.0,1.0,0.0,5.0,5.0,2.0,0.0,0.0,1.0,0.0,16.0,3.0,1.0,Harrison Barnes,SAS,harrison barnes,23.0,21.0,18.0,7.0,0.0,24.0,0.5420054200542006,0.4635294117647058,55.9,55.9,23.0,Over,Incorrect
Domantas Sabonis,PTS,18.5,2025-11-20,SAC @ MEM,SAC,MEM,Under,S Tier,2.11,-2.11,0.8609784,16.393898103662025,22.7,domantas sabonis,2025-11-20,,,,,,,,,,,,,,,,,,,,,,,,,,,,,,,,,,,,,,,,,,Missing Data,
Malik Monk,PRA,18.5,2025-11-20,SAC @ MEM,SAC,MEM,Under,S Tier,1.5,-1.5,0.8387284,16.99643618775038,22.7,malik monk,2025-11-20,22025.0,1628370.0,22500265.0,2025-11-20,SAC @ MEM,L,14.0,1.0,4.0,0.25,0.0,1.0,0.0,0.0,0.0,0.0,1.0,1.0,2.0,2.0,0.0,1.0,1.0,2.0,2.0,-13.0,1.0,Malik Monk,SAC,malik monk,6.0,4.0,4.0,4.0,1.0,9.4,0.25,0.3571428571428571,22.7,25.9,6.0,Under,Correct
John Collins,PRA,20.5,2025-11-20,LAC @ ORL,LAC,ORL,Under,S Tier,2.96,-2.96,0.83776337,17.53923431676934,15.5,john collins,2025-11-20,22025.0,1628381.0,22500264.0,2025-11-20,LAC @ ORL,L,25.0,4.0,8.0,0.5,0.0,1.0,0.0,1.0,2.0,0.5,0.0,4.0,4.0,0.0,1.0,1.0,1.0,2.0,9.0,-18.0,1.0,John Collins,LAC,john collins,13.0,13.0,9.0,4.0,2.0,18.8,0.5067567567567567,0.3952,15.5,21.3,13.0,Under,Correct
Gary Trent Jr.,PRA,17.5,2025-11-20,MIL vs PHI,MIL,PHI,Under,S Tier,2.16,-2.16,0.833534,15.338836556198377,37.0,gary trent,2025-11-20,22025.0,1629018.0,22500266.0,2025-11-20,MIL vs. PHI,L,38.0,4.0,10.0,0.4,3.0,7.0,0.429,0.0,0.0,0.0,0.0,0.0,0.0,2.0,1.0,0.0,2.0,1.0,11.0,5.0,1.0,Gary Trent Jr.,MIL,gary trent jr.,13.0,11.0,13.0,2.0,1.0,15.0,0.55,0.3157894736842105,37.0,23.9,13.0,Under,Correct
James Harden,AST,8.5,2025-11-20,LAC @ ORL,LAC,ORL,Under,S Tier,2.59,-2.59,0.81749296,5.906242387867074,15.5,james harden,2025-11-20,22025.0,201935.0,22500264.0,2025-11-20,LAC @ ORL,L,31.0,8.0,16.0,0.5,5.0,11.0,0.455,10.0,12.0,0.833,1.0,4.0,5.0,8.0,2.0,0.0,5.0,1.0,31.0,-20.0,1.0,James Harden,LAC,james harden,44.0,36.0,39.0,13.0,2.0,50.0,0.7283834586466165,0.847741935483871,15.5,21.3,8.0,Under,Correct
Tyrese Maxey,PTS,28.5,2025-11-20,PHI @ MIL,PHI,MIL,Over,S Tier,1.55,1.55,0.8164395,30.05236612406227,26.5,tyrese maxey,2025-11-20,22025.0,1630178.0,22500266.0,2025-11-20,PHI @ MIL,W,47.0,18.0,30.0,0.6,6.0,15.0,0.4,12.0,14.0,0.857,0.0,5.0,5.0,9.0,3.0,3.0,5.0,3.0,54.0,18.0,1.0,Tyrese Maxey,PHI,tyrese maxey,68.0,59.0,63.0,14.0,6.0,86.5,0.7466814159292036,0.8757446808510637,26.5,42.2,54.0,Over,Correct
Goga Bitadze,PTS,4.5,2025-11-20,ORL vs LAC,ORL,LAC,Over,S Tier,2.48,2.48,0.8095651,6.9846791358876725,27.8,goga bitadze,2025-11-20,22025.0,1629048.0,22500264.0,2025-11-20,ORL vs. LAC,W,16.0,3.0,3.0,1.0,0.0,0.0,0.0,4.0,4.0,1.0,1.0,5.0,6.0,3.0,2.0,0.0,1.0,2.0,10.0,15.0,1.0,Goga Bitadze,ORL,goga bitadze,19.0,16.0,13.0,9.0,2.0,26.7,1.050420168067227,0.36,27.8,25.1,10.0,Over,Correct
Keldon Johnson,PTS,13.5,2025-11-20,SAS vs ATL,SAS,ATL,Under,S Tier,3.33,-3.33,0.80013037,10.17131156922385,55.9,keldon johnson,2025-11-20,22025.0,1629640.0,22500267.0,2025-11-20,SAS vs. ATL,W,32.0,9.0,12.0,0.75,3.0,5.0,0.6,4.0,5.0,0.8,2.0,5.0,7.0,2.0,1.0,0.0,2.0,2.0,25.0,8.0,1.0,Keldon Johnson,SAS,keldon johnson,34.0,32.0,27.0,9.0,1.0,37.4,0.8802816901408451,0.50625,55.9,55.9,25.0,Over,Incorrect
Jaylen Wells,PTS,11.5,2025-11-20,MEM vs SAC,MEM,SAC,Under,S Tier,1.66,-1.66,0.7934076,9.8434586540292,57.2,jaylen wells,2025-11-20,22025.0,1642377.0,22500265.0,2025-11-20,MEM vs. SAC,W,19.0,4.0,9.0,0.444,2.0,5.0,0.4,3.0,4.0,0.75,0.0,1.0,1.0,2.0,1.0,0.0,0.0,3.0,13.0,13.0,1.0,Jaylen Wells,MEM,jaylen wells,16.0,14.0,15.0,3.0,1.0,20.2,0.604089219330855,0.5663157894736842,57.2,50.7,13.0,Over,Incorrect
Vince Williams Jr.,PRA,24.5,2025-11-20,MEM vs SAC,MEM,SAC,Under,S Tier,4.74,-4.74,0.7933733,19.762160084182337,57.2,vince williams,2025-11-20,22025.0,1631246.0,22500265.0,2025-11-20,MEM vs. SAC,W,24.0,2.0,7.0,0.286,0.0,3.0,0.0,0.0,0.0,0.0,0.0,5.0,5.0,15.0,2.0,0.0,3.0,1.0,4.0,22.0,1.0,Vince Williams Jr.,MEM,vince williams jr.,24.0,9.0,19.0,20.0,2.0,35.5,0.2857142857142857,0.4166666666666667,57.2,50.7,24.0,Under,Correct
Kelly Olynyk,PRA,16.5,2025-11-20,SAS vs ATL,SAS,ATL,Under,S Tier,1.99,-1.99,0.7922301,14.505612299599823,55.9,kelly olynyk,2025-11-20,22025.0,203482.0,22500267.0,2025-11-20,SAS vs. ATL,W,13.0,2.0,4.0,0.5,1.0,2.0,0.5,3.0,4.0,0.75,1.0,1.0,2.0,0.0,1.0,0.0,1.0,1.0,8.0,-10.0,1.0,Kelly Olynyk,SAS,kelly olynyk,10.0,10.0,8.0,2.0,1.0,12.4,0.6944444444444444,0.52,55.9,55.9,10.0,Under,Correct
Anthony Black,PTS,12.5,2025-11-20,ORL vs LAC,ORL,LAC,Under,S Tier,1.94,-1.94,0.78818893,10.559148561996649,27.8,anthony black,2025-11-20,22025.0,1641710.0,22500264.0,2025-11-20,ORL vs. LAC,W,29.0,4.0,9.0,0.444,1.0,3.0,0.333,3.0,4.0,0.75,1.0,3.0,4.0,4.0,4.0,0.0,2.0,3.0,12.0,16.0,1.0,Anthony Black,ORL,anthony black,20.0,16.0,16.0,8.0,4.0,32.8,0.5576208178438662,0.44,27.8,25.1,12.0,Under,Correct
DeMar DeRozan,PTS,17.5,2025-11-20,SAC @ MEM,SAC,MEM,Under,S Tier,1.58,-1.58,0.74673784,15.915783096616137,22.7,demar derozan,2025-11-20,22025.0,201942.0,22500265.0,2025-11-20,SAC @ MEM,L,15.0,2.0,3.0,0.667,0.0,0.0,0.0,3.0,3.0,1.0,0.0,0.0,0.0,2.0,1.0,0.0,0.0,4.0,7.0,-22.0,1.0,DeMar DeRozan,SAC,demar derozan,9.0,7.0,9.0,2.0,1.0,13.0,0.8101851851851851,0.288,22.7,25.9,7.0,Under,Correct
John Collins,PTS,13.5,2025-11-20,LAC @ ORL,LAC,ORL,Under,S Tier,2.72,-2.72,0.7406739,10.77928919436602,15.5,john collins,2025-11-20,22025.0,1628381.0,22500264.0,2025-11-20,LAC @ ORL,L,25.0,4.0,8.0,0.5,0.0,1.0,0.0,1.0,2.0,0.5,0.0,4.0,4.0,0.0,1.0,1.0,1.0,2.0,9.0,-18.0,1.0,John Collins,LAC,john collins,13.0,13.0,9.0,4.0,2.0,18.8,0.5067567567567567,0.3952,15.5,21.3,9.0,Under,Correct
Ryan Rollins,PRA,32.5,2025-11-20,MIL vs PHI,MIL,PHI,Under,S Tier,4.96,-4.96,0.73730147,27.542231986085273,37.0,ryan rollins,2025-11-20,22025.0,1631157.0,22500266.0,2025-11-20,MIL vs. PHI,L,40.0,13.0,26.0,0.5,2.0,8.0,0.25,4.0,4.0,1.0,1.0,5.0,6.0,14.0,1.0,0.0,3.0,3.0,32.0,-15.0,1.0,Ryan Rollins,MIL,ryan rollins,52.0,38.0,46.0,20.0,1.0,60.2,0.5763688760806917,0.769,37.0,23.9,52.0,Over,Incorrect
Malik Monk,PTS,12.5,2025-11-20,SAC @ MEM,SAC,MEM,Under,S Tier,1.85,-1.85,0.73613787,10.652033119408292,22.7,malik monk,2025-11-20,22025.0,1628370.0,22500265.0,2025-11-20,SAC @ MEM,L,14.0,1.0,4.0,0.25,0.0,1.0,0.0,0.0,0.0,0.0,1.0,1.0,2.0,2.0,0.0,1.0,1.0,2.0,2.0,-13.0,1.0,Malik Monk,SAC,malik monk,6.0,4.0,4.0,4.0,1.0,9.4,0.25,0.3571428571428571,22.7,25.9,2.0,Under,Correct
Dominick Barlow,PTS,5.5,2025-11-20,PHI @ MIL,PHI,MIL,Over,S Tier,3.79,3.79,0.7183444,9.292660353431971,26.5,dominick barlow,2025-11-20,22025.0,1631230.0,22500266.0,2025-11-20,PHI @ MIL,W,29.0,1.0,1.0,1.0,0.0,0.0,0.0,0.0,0.0,0.0,3.0,3.0,6.0,3.0,0.0,2.0,0.0,0.0,2.0,16.0,1.0,Dominick Barlow,PHI,dominick barlow,11.0,8.0,5.0,9.0,2.0,19.7,1.0,0.0344827586206896,26.5,42.2,2.0,Under,Incorrect
Keldon Johnson,PRA,23.5,2025-11-20,SAS vs ATL,SAS,ATL,Under,S Tier,3.14,-3.14,0.7134311,20.359327951725017,55.9,keldon johnson,2025-11-20,22025.0,1629640.0,22500267.0,2025-11-20,SAS vs. ATL,W,32.0,9.0,12.0,0.75,3.0,5.0,0.6,4.0,5.0,0.8,2.0,5.0,7.0,2.0,1.0,0.0,2.0,2.0,25.0,8.0,1.0,Keldon Johnson,SAS,keldon johnson,34.0,32.0,27.0,9.0,1.0,37.4,0.8802816901408451,0.50625,55.9,55.9,34.0,Over,Incorrect
Devin Vassell,PRA,24.5,2025-11-20,SAS vs ATL,SAS,ATL,Under,S Tier,5.3,-5.3,0.70243776,19.204928746472035,55.9,devin vassell,2025-11-20,22025.0,1630170.0,22500267.0,2025-11-20,SAS vs. ATL,W,33.0,6.0,11.0,0.545,3.0,5.0,0.6,0.0,0.0,0.0,1.0,4.0,5.0,3.0,1.0,1.0,1.0,2.0,15.0,13.0,1.0,Devin Vassell,SAS,devin vassell,23.0,20.0,18.0,8.0,2.0,30.5,0.6818181818181818,0.3636363636363636,55.9,55.9,23.0,Under,Correct
Ryan Rollins,PTS,21.5,2025-11-20,MIL vs PHI,MIL,PHI,Under,S Tier,3.48,-3.48,0.69573724,18.016459512922665,37.0,ryan rollins,2025-11-20,22025.0,1631157.0,22500266.0,2025-11-20,MIL vs. PHI,L,40.0,13.0,26.0,0.5,2.0,8.0,0.25,4.0,4.0,1.0,1.0,5.0,6.0,14.0,1.0,0.0,3.0,3.0,32.0,-15.0,1.0,Ryan Rollins,MIL,ryan rollins,52.0,38.0,46.0,20.0,1.0,60.2,0.5763688760806917,0.769,37.0,23.9,32.0,Over,Incorrect
Gary Trent Jr.,PTS,12.5,2025-11-20,MIL vs PHI,MIL,PHI,Under,S Tier,3.22,-3.22,0.68386966,9.275079981050542,37.0,gary trent,2025-11-20,22025.0,1629018.0,22500266.0,2025-11-20,MIL vs. PHI,L,38.0,4.0,10.0,0.4,3.0,7.0,0.429,0.0,0.0,0.0,0.0,0.0,0.0,2.0,1.0,0.0,2.0,1.0,11.0,5.0,1.0,Gary Trent Jr.,MIL,gary trent jr.,13.0,11.0,13.0,2.0,1.0,15.0,0.55,0.3157894736842105,37.0,23.9,11.0,Under,Correct
James Harden,PRA,40.5,2025-11-20,LAC @ ORL,LAC,ORL,Over,S Tier,3.5,3.5,0.6836039,43.99731222804283,15.5,james harden,2025-11-20,22025.0,201935.0,22500264.0,2025-11-20,LAC @ ORL,L,31.0,8.0,16.0,0.5,5.0,11.0,0.455,10.0,12.0,0.833,1.0,4.0,5.0,8.0,2.0,0.0,5.0,1.0,31.0,-20.0,1.0,James Harden,LAC,james harden,44.0,36.0,39.0,13.0,2.0,50.0,0.7283834586466165,0.847741935483871,15.5,21.3,44.0,Over,Correct
Anthony Black,PRA,18.5,2025-11-20,ORL vs LAC,ORL,LAC,Under,S Tier,1.53,-1.53,0.67245686,16.971454044999476,27.8,anthony black,2025-11-20,22025.0,1641710.0,22500264.0,2025-11-20,ORL vs. LAC,W,29.0,4.0,9.0,0.444,1.0,3.0,0.333,3.0,4.0,0.75,1.0,3.0,4.0,4.0,4.0,0.0,2.0,3.0,12.0,16.0,1.0,Anthony Black,ORL,anthony black,20.0,16.0,16.0,8.0,4.0,32.8,0.5576208178438662,0.44,27.8,25.1,20.0,Over,Incorrect
De'Aaron Fox,PTS,25.5,2025-11-20,SAS vs ATL,SAS,ATL,Under,S Tier,4.25,-4.25,0.66342616,21.245802941902536,55.9,deaaron fox,2025-11-20,22025.0,1628368.0,22500267.0,2025-11-20,SAS vs. ATL,W,31.0,9.0,16.0,0.563,2.0,4.0,0.5,6.0,10.0,0.6,2.0,3.0,5.0,9.0,3.0,0.0,2.0,4.0,26.0,-7.0,1.0,De'Aaron Fox,SAS,de'aaron fox,40.0,31.0,35.0,14.0,3.0,52.5,0.6372549019607844,0.7225806451612903,55.9,55.9,26.0,Over,Incorrect
Luke Kornet,REB,8.5,2025-11-20,SAS vs ATL,SAS,ATL,Under,S Tier,2.61,-2.61,0.6561712,5.888937416651331,55.9,luke kornet,2025-11-20,22025.0,1628436.0,22500267.0,2025-11-20,SAS vs. ATL,W,23.0,2.0,4.0,0.5,0.0,0.0,0.0,1.0,2.0,0.5,1.0,2.0,3.0,2.0,0.0,0.0,1.0,0.0,5.0,2.0,1.0,Luke Kornet,SAS,luke kornet,10.0,8.0,7.0,5.0,0.0,10.6,0.5122950819672131,0.2556521739130434,55.9,55.9,3.0,Under,Correct
Zach Edey,PRA,23.5,2025-11-20,MEM vs SAC,MEM,SAC,Under,S Tier,1.94,-1.94,0.65190876,21.563998422741633,57.2,zach edey,2025-11-20,22025.0,1641744.0,22500265.0,2025-11-20,MEM vs. SAC,W,25.0,7.0,7.0,1.0,1.0,1.0,1.0,1.0,1.0,1.0,2.0,2.0,4.0,0.0,2.0,0.0,0.0,1.0,16.0,23.0,1.0,Zach Edey,MEM,zach edey,20.0,20.0,16.0,4.0,2.0,26.8,1.075268817204301,0.2976,57.2,50.7,20.0,Under,Correct
De'Aaron Fox,AST,7.5,2025-11-20,SAS vs ATL,SAS,ATL,Under,S Tier,1.57,-1.57,0.6465088,5.927640148916872,55.9,deaaron fox,2025-11-20,22025.0,1628368.0,22500267.0,2025-11-20,SAS vs. ATL,W,31.0,9.0,16.0,0.563,2.0,4.0,0.5,6.0,10.0,0.6,2.0,3.0,5.0,9.0,3.0,0.0,2.0,4.0,26.0,-7.0,1.0,De'Aaron Fox,SAS,de'aaron fox,40.0,31.0,35.0,14.0,3.0,52.5,0.6372549019607844,0.7225806451612903,55.9,55.9,9.0,Over,Incorrect
Wendell Carter Jr.,REB,8.5,2025-11-20,ORL vs LAC,ORL,LAC,Under,S Tier,1.75,-1.75,0.62984765,6.751149327053934,27.8,wendell carter,2025-11-20,22025.0,1628976.0,22500264.0,2025-11-20,ORL vs. LAC,W,32.0,3.0,11.0,0.273,1.0,3.0,0.333,0.0,0.0,0.0,1.0,6.0,7.0,6.0,1.0,0.0,0.0,4.0,7.0,13.0,1.0,Wendell Carter Jr.,ORL,wendell carter jr.,20.0,14.0,13.0,13.0,1.0,27.4,0.3181818181818182,0.34375,27.8,25.1,7.0,Under,Correct
Desmond Bane,PRA,30.5,2025-11-20,ORL vs LAC,ORL,LAC,Under,S Tier,2.57,-2.57,0.6285442,27.925198972391296,27.8,desmond bane,2025-11-20,22025.0,1630217.0,22500264.0,2025-11-20,ORL vs. LAC,W,31.0,5.0,15.0,0.333,3.0,6.0,0.5,2.0,2.0,1.0,1.0,6.0,7.0,5.0,1.0,0.0,2.0,0.0,15.0,13.0,1.0,Desmond Bane,ORL,desmond bane,27.0,22.0,20.0,12.0,1.0,31.9,0.4722921914357682,0.5767741935483872,27.8,25.1,27.0,Under,Correct
Myles Turner,PRA,25.5,2025-11-20,MIL vs PHI,MIL,PHI,Under,S Tier,3.63,-3.63,0.6203137,21.867555852968145,37.0,myles turner,2025-11-20,22025.0,1626167.0,22500266.0,2025-11-20,MIL vs. PHI,L,28.0,5.0,13.0,0.385,3.0,9.0,0.333,1.0,2.0,0.5,1.0,9.0,10.0,1.0,0.0,0.0,0.0,2.0,14.0,1.0,1.0,Myles Turner,MIL,myles turner,25.0,24.0,15.0,11.0,0.0,27.5,0.5043227665706052,0.4957142857142857,37.0,23.9,25.0,Under,Correct
Zach Edey,REB,9.5,2025-11-20,MEM vs SAC,MEM,SAC,Under,S Tier,2.21,-2.21,0.6008897,7.29477781549396,57.2,zach edey,2025-11-20,22025.0,1641744.0,22500265.0,2025-11-20,MEM vs. SAC,W,25.0,7.0,7.0,1.0,1.0,1.0,1.0,1.0,1.0,1.0,2.0,2.0,4.0,0.0,2.0,0.0,0.0,1.0,16.0,23.0,1.0,Zach Edey,MEM,zach edey,20.0,20.0,16.0,4.0,2.0,26.8,1.075268817204301,0.2976,57.2,50.7,4.0,Under,Correct
Zach Edey,RA,11.5,2025-11-20,MEM vs SAC,MEM,SAC,Under,S Tier,1.57,-1.57,0.59874666,9.930494338422264,57.2,zach edey,2025-11-20,22025.0,1641744.0,22500265.0,2025-11-20,MEM vs. SAC,W,25.0,7.0,7.0,1.0,1.0,1.0,1.0,1.0,1.0,1.0,2.0,2.0,4.0,0.0,2.0,0.0,0.0,1.0,16.0,23.0,1.0,Zach Edey,MEM,zach edey,20.0,20.0,16.0,4.0,2.0,26.8,1.075268817204301,0.2976,57.2,50.7,4.0,Under,Correct
Vince Williams Jr.,PTS,13.5,2025-11-20,MEM vs SAC,MEM,SAC,Under,S Tier,4.71,-4.71,0.59411705,8.793902191382006,57.2,vince williams,2025-11-20,22025.0,1631246.0,22500265.0,2025-11-20,MEM vs. SAC,W,24.0,2.0,7.0,0.286,0.0,3.0,0.0,0.0,0.0,0.0,0.0,5.0,5.0,15.0,2.0,0.0,3.0,1.0,4.0,22.0,1.0,Vince Williams Jr.,MEM,vince williams jr.,24.0,9.0,19.0,20.0,2.0,35.5,0.2857142857142857,0.4166666666666667,57.2,50.7,4.0,Under,Correct
Paul George,PRA,16.5,2025-11-20,PHI @ MIL,PHI,MIL,Over,S Tier,3.64,3.64,0.5900799,20.142504337603917,26.5,paul george,2025-11-20,22025.0,202331.0,22500266.0,2025-11-20,PHI @ MIL,W,25.0,7.0,12.0,0.583,4.0,7.0,0.571,3.0,4.0,0.75,0.0,5.0,5.0,3.0,2.0,0.0,3.0,0.0,21.0,3.0,1.0,Paul George,PHI,paul george,29.0,26.0,24.0,8.0,2.0,34.5,0.7630813953488372,0.6703999999999999,26.5,42.2,29.0,Over,Correct
Keldon Johnson,FG3M,1.5,2025-11-20,SAS vs ATL,SAS,ATL,Under,A Tier,0.73,-0.73,0.97606385,0.7734043427723167,55.9,keldon johnson,2025-11-20,22025.0,1629640.0,22500267.0,2025-11-20,SAS vs. ATL,W,32.0,9.0,12.0,0.75,3.0,5.0,0.6,4.0,5.0,0.8,2.0,5.0,7.0,2.0,1.0,0.0,2.0,2.0,25.0,8.0,1.0,Keldon Johnson,SAS,keldon johnson,34.0,32.0,27.0,9.0,1.0,37.4,0.8802816901408451,0.50625,55.9,55.9,3.0,Over,Incorrect
Harrison Barnes,REB,3.5,2025-11-20,SAS vs ATL,SAS,ATL,Under,A Tier,1.01,-1.01,0.9446304,2.491828437450888,55.9,harrison barnes,2025-11-20,22025.0,203084.0,22500267.0,2025-11-20,SAS vs. ATL,W,34.0,5.0,13.0,0.385,2.0,8.0,0.25,4.0,4.0,1.0,0.0,5.0,5.0,2.0,0.0,0.0,1.0,0.0,16.0,3.0,1.0,Harrison Barnes,SAS,harrison barnes,23.0,21.0,18.0,7.0,0.0,24.0,0.5420054200542006,0.4635294117647058,55.9,55.9,5.0,Over,Incorrect
Ryan Rollins,AST,5.5,2025-11-20,MIL vs PHI,MIL,PHI,Under,A Tier,0.84,-0.84,0.9435316,4.664571418880339,37.0,ryan rollins,2025-11-20,22025.0,1631157.0,22500266.0,2025-11-20,MIL vs. PHI,L,40.0,13.0,26.0,0.5,2.0,8.0,0.25,4.0,4.0,1.0,1.0,5.0,6.0,14.0,1.0,0.0,3.0,3.0,32.0,-15.0,1.0,Ryan Rollins,MIL,ryan rollins,52.0,38.0,46.0,20.0,1.0,60.2,0.5763688760806917,0.769,37.0,23.9,14.0,Over,Incorrect
Nicolas Batum,REB,3.5,2025-11-20,LAC @ ORL,LAC,ORL,Under,A Tier,0.38,-0.38,0.94188344,3.1196550232906626,15.5,nicolas batum,2025-11-20,22025.0,201587.0,22500264.0,2025-11-20,LAC @ ORL,L,9.0,1.0,1.0,1.0,1.0,1.0,1.0,0.0,0.0,0.0,0.0,2.0,2.0,0.0,1.0,0.0,1.0,1.0,3.0,-4.0,1.0,Nicolas Batum,LAC,nicolas batum,5.0,5.0,3.0,2.0,1.0,7.4,1.5,0.2222222222222222,15.5,21.3,2.0,Under,Correct
Kris Dunn,REB,2.5,2025-11-20,LAC @ ORL,LAC,ORL,Under,A Tier,0.7,-0.7,0.9218381,1.8009026637303758,15.5,kris dunn,2025-11-20,22025.0,1627739.0,22500264.0,2025-11-20,LAC @ ORL,L,25.0,2.0,5.0,0.4,0.0,1.0,0.0,0.0,0.0,0.0,0.0,3.0,3.0,3.0,1.0,0.0,1.0,1.0,4.0,-16.0,1.0,Kris Dunn,LAC,kris dunn,10.0,7.0,7.0,6.0,1.0,14.1,0.4,0.24,15.5,21.3,3.0,Over,Incorrect
Harrison Barnes,FG3M,2.5,2025-11-20,SAS vs ATL,SAS,ATL,Under,A Tier,0.67,-0.67,0.91190237,1.8345682067837856,55.9,harrison barnes,2025-11-20,22025.0,203084.0,22500267.0,2025-11-20,SAS vs. ATL,W,34.0,5.0,13.0,0.385,2.0,8.0,0.25,4.0,4.0,1.0,0.0,5.0,5.0,2.0,0.0,0.0,1.0,0.0,16.0,3.0,1.0,Harrison Barnes,SAS,harrison barnes,23.0,21.0,18.0,7.0,0.0,24.0,0.5420054200542006,0.4635294117647058,55.9,55.9,2.0,Under,Correct
John Collins,REB,5.5,2025-11-20,LAC @ ORL,LAC,ORL,Under,A Tier,1.12,-1.12,0.90517354,4.377656007394224,15.5,john collins,2025-11-20,22025.0,1628381.0,22500264.0,2025-11-20,LAC @ ORL,L,25.0,4.0,8.0,0.5,0.0,1.0,0.0,1.0,2.0,0.5,0.0,4.0,4.0,0.0,1.0,1.0,1.0,2.0,9.0,-18.0,1.0,John Collins,LAC,john collins,13.0,13.0,9.0,4.0,2.0,18.8,0.5067567567567567,0.3952,15.5,21.3,4.0,Under,Correct
Jalen Johnson,REB,8.5,2025-11-20,ATL @ SAS,ATL,SAS,Over,A Tier,0.99,0.99,0.9038453,9.490921671173169,0.0,jalen johnson,2025-11-20,22025.0,1630552.0,22500267.0,2025-11-20,ATL @ SAS,L,38.0,10.0,15.0,0.667,2.0,3.0,0.667,4.0,6.0,0.667,0.0,12.0,12.0,7.0,1.0,0.0,4.0,3.0,26.0,-1.0,1.0,Jalen Johnson,ATL,jalen johnson,45.0,38.0,33.0,19.0,1.0,49.9,0.7369614512471655,0.5694736842105264,0.0,0.0,12.0,Over,Correct
Santi Aldama,AST,3.5,2025-11-20,MEM vs SAC,MEM,SAC,Under,A Tier,0.92,-0.92,0.88510126,2.579228874035193,57.2,santi aldama,2025-11-20,22025.0,1630583.0,22500265.0,2025-11-20,MEM vs. SAC,W,28.0,11.0,18.0,0.611,5.0,11.0,0.455,2.0,3.0,0.667,0.0,5.0,5.0,3.0,0.0,2.0,1.0,0.0,29.0,28.0,1.0,Santi Aldama,MEM,santi aldama,37.0,34.0,32.0,8.0,2.0,44.5,0.7505175983436853,0.7257142857142858,57.2,50.7,3.0,Under,Correct
AJ Green,REB,2.5,2025-11-20,MIL vs PHI,MIL,PHI,Over,A Tier,0.44,0.44,0.8839379,2.944345182022203,37.0,aj green,2025-11-20,22025.0,1631260.0,22500266.0,2025-11-20,MIL vs. PHI,L,36.0,3.0,5.0,0.6,3.0,5.0,0.6,0.0,0.0,0.0,0.0,6.0,6.0,0.0,1.0,0.0,2.0,2.0,9.0,-3.0,1.0,AJ Green,MIL,aj green,15.0,15.0,9.0,6.0,1.0,17.2,0.9,0.1944444444444444,37.0,23.9,6.0,Over,Correct
Luke Kornet,RA,10.5,2025-11-20,SAS vs ATL,SAS,ATL,Under,A Tier,1.37,-1.37,0.88022614,9.125695839675718,55.9,luke kornet,2025-11-20,22025.0,1628436.0,22500267.0,2025-11-20,SAS vs. ATL,W,23.0,2.0,4.0,0.5,0.0,0.0,0.0,1.0,2.0,0.5,1.0,2.0,3.0,2.0,0.0,0.0,1.0,0.0,5.0,2.0,1.0,Luke Kornet,SAS,luke kornet,10.0,8.0,7.0,5.0,0.0,10.6,0.5122950819672131,0.2556521739130434,55.9,55.9,5.0,Under,Correct
Jeremy Sochan,REB,4.5,2025-11-20,SAS vs ATL,SAS,ATL,Under,A Tier,1.35,-1.35,0.8780469,3.147596846216099,55.9,jeremy sochan,2025-11-20,22025.0,1631110.0,22500267.0,2025-11-20,SAS vs. ATL,W,22.0,3.0,10.0,0.3,0.0,5.0,0.0,2.0,2.0,1.0,0.0,5.0,5.0,5.0,1.0,1.0,0.0,1.0,8.0,0.0,1.0,Jeremy Sochan,SAS,jeremy sochan,18.0,13.0,13.0,10.0,2.0,27.5,0.3676470588235294,0.4945454545454545,55.9,55.9,5.0,Over,Incorrect
Devin Vassell,AST,3.5,2025-11-20,SAS vs ATL,SAS,ATL,Under,A Tier,0.75,-0.75,0.87551373,2.750788029141789,55.9,devin vassell,2025-11-20,22025.0,1630170.0,22500267.0,2025-11-20,SAS vs. ATL,W,33.0,6.0,11.0,0.545,3.0,5.0,0.6,0.0,0.0,0.0,1.0,4.0,5.0,3.0,1.0,1.0,1.0,2.0,15.0,13.0,1.0,Devin Vassell,SAS,devin vassell,23.0,20.0,18.0,8.0,2.0,30.5,0.6818181818181818,0.3636363636363636,55.9,55.9,3.0,Under,Correct
Russell Westbrook,FG3M,1.5,2025-11-20,SAC @ MEM,SAC,MEM,Over,A Tier,0.28,0.28,0.8591582,1.7753409266333389,22.7,russell westbrook,2025-11-20,22025.0,201566.0,22500265.0,2025-11-20,SAC @ MEM,L,21.0,4.0,10.0,0.4,2.0,6.0,0.333,1.0,2.0,0.5,1.0,6.0,7.0,4.0,0.0,0.0,4.0,3.0,11.0,-28.0,1.0,Russell Westbrook,SAC,russell westbrook,22.0,18.0,15.0,11.0,0.0,21.4,0.5055147058823529,0.7085714285714286,22.7,25.9,2.0,Over,Correct
Kristaps Porziņģis,RA,8.5,2025-11-20,ATL @ SAS,ATL,SAS,Over,A Tier,1.06,1.06,0.8585118,9.56333569037321,0.0,kristaps porzingis,2025-11-20,22025.0,204001.0,22500267.0,2025-11-20,ATL @ SAS,L,29.0,7.0,10.0,0.7,2.0,3.0,0.667,0.0,0.0,0.0,0.0,5.0,5.0,1.0,0.0,2.0,1.0,3.0,16.0,-3.0,1.0,Kristaps Porziņģis,ATL,kristaps porzingis,22.0,21.0,17.0,6.0,2.0,28.5,0.8,0.3793103448275862,0.0,0.0,6.0,Under,Incorrect
Keldon Johnson,AST,2.5,2025-11-20,SAS vs ATL,SAS,ATL,Under,A Tier,0.56,-0.56,0.84947336,1.9352760312152504,55.9,keldon johnson,2025-11-20,22025.0,1629640.0,22500267.0,2025-11-20,SAS vs. ATL,W,32.0,9.0,12.0,0.75,3.0,5.0,0.6,4.0,5.0,0.8,2.0,5.0,7.0,2.0,1.0,0.0,2.0,2.0,25.0,8.0,1.0,Keldon Johnson,SAS,keldon johnson,34.0,32.0,27.0,9.0,1.0,37.4,0.8802816901408451,0.50625,55.9,55.9,2.0,Under,Correct
Paul George,FG3M,1.5,2025-11-20,PHI @ MIL,PHI,MIL,Under,A Tier,0.34,-0.34,0.8262205,1.158018610384381,26.5,paul george,2025-11-20,22025.0,202331.0,22500266.0,2025-11-20,PHI @ MIL,W,25.0,7.0,12.0,0.583,4.0,7.0,0.571,3.0,4.0,0.75,0.0,5.0,5.0,3.0,2.0,0.0,3.0,0.0,21.0,3.0,1.0,Paul George,PHI,paul george,29.0,26.0,24.0,8.0,2.0,34.5,0.7630813953488372,0.6703999999999999,26.5,42.2,4.0,Over,Incorrect
Bogdan Bogdanović,FG3M,1.5,2025-11-20,LAC @ ORL,LAC,ORL,Under,A Tier,0.41,-0.41,0.8185694,1.0929453597125312,15.5,bogdan bogdanovic,2025-11-20,22025.0,203992.0,22500264.0,2025-11-20,LAC @ ORL,L,21.0,2.0,9.0,0.222,2.0,6.0,0.333,0.0,0.0,0.0,1.0,0.0,1.0,3.0,0.0,0.0,1.0,2.0,6.0,-7.0,1.0,Bogdan Bogdanović,LAC,bogdan bogdanovic,10.0,7.0,9.0,4.0,0.0,10.7,0.3333333333333333,0.4761904761904761,15.5,21.3,2.0,Over,Incorrect
Zaccharie Risacher,FG3M,1.5,2025-11-20,ATL @ SAS,ATL,SAS,Under,A Tier,0.14,-0.14,0.8111363,1.355161145474762,0.0,zaccharie risacher,2025-11-20,22025.0,1642258.0,22500267.0,2025-11-20,ATL @ SAS,L,21.0,1.0,10.0,0.1,0.0,5.0,0.0,0.0,0.0,0.0,1.0,1.0,2.0,1.0,0.0,0.0,1.0,3.0,2.0,2.0,1.0,Zaccharie Risacher,ATL,zaccharie risacher,5.0,4.0,3.0,3.0,0.0,4.9,0.1,0.5238095238095238,0.0,0.0,0.0,Under,Correct
Luke Kornet,AST,2.5,2025-11-20,SAS vs ATL,SAS,ATL,Under,A Tier,0.5,-0.5,0.8111236,1.995801041421837,55.9,luke kornet,2025-11-20,22025.0,1628436.0,22500267.0,2025-11-20,SAS vs. ATL,W,23.0,2.0,4.0,0.5,0.0,0.0,0.0,1.0,2.0,0.5,1.0,2.0,3.0,2.0,0.0,0.0,1.0,0.0,5.0,2.0,1.0,Luke Kornet,SAS,luke kornet,10.0,8.0,7.0,5.0,0.0,10.6,0.5122950819672131,0.2556521739130434,55.9,55.9,2.0,Under,Correct
Jalen Suggs,FG3M,2.5,2025-11-20,ORL vs LAC,ORL,LAC,Under,A Tier,1.34,-1.34,0.7940167,1.157920940605632,27.8,jalen suggs,2025-11-20,22025.0,1630591.0,22500264.0,2025-11-20,ORL vs. LAC,W,26.0,8.0,15.0,0.533,5.0,9.0,0.556,2.0,2.0,1.0,1.0,2.0,3.0,7.0,2.0,2.0,3.0,1.0,23.0,12.0,1.0,Jalen Suggs,ORL,jalen suggs,33.0,26.0,30.0,10.0,4.0,46.1,0.7241813602015112,0.7261538461538463,27.8,25.1,5.0,Over,Incorrect
Wendell Carter Jr.,FG3M,1.5,2025-11-20,ORL vs LAC,ORL,LAC,Under,A Tier,0.77,-0.77,0.79145575,0.7299188129667781,27.8,wendell carter,2025-11-20,22025.0,1628976.0,22500264.0,2025-11-20,ORL vs. LAC,W,32.0,3.0,11.0,0.273,1.0,3.0,0.333,0.0,0.0,0.0,1.0,6.0,7.0,6.0,1.0,0.0,0.0,4.0,7.0,13.0,1.0,Wendell Carter Jr.,ORL,wendell carter jr.,20.0,14.0,13.0,13.0,1.0,27.4,0.3181818181818182,0.34375,27.8,25.1,1.0,Under,Correct
Anthony Black,AST,2.5,2025-11-20,ORL vs LAC,ORL,LAC,Under,A Tier,0.25,-0.25,0.7895522,2.2522901324948705,27.8,anthony black,2025-11-20,22025.0,1641710.0,22500264.0,2025-11-20,ORL vs. LAC,W,29.0,4.0,9.0,0.444,1.0,3.0,0.333,3.0,4.0,0.75,1.0,3.0,4.0,4.0,4.0,0.0,2.0,3.0,12.0,16.0,1.0,Anthony Black,ORL,anthony black,20.0,16.0,16.0,8.0,4.0,32.8,0.5576208178438662,0.44,27.8,25.1,4.0,Over,Incorrect
Quentin Grimes,RA,7.5,2025-11-20,PHI @ MIL,PHI,MIL,Over,A Tier,0.93,0.93,0.78555167,8.428747915626603,26.5,quentin grimes,2025-11-20,22025.0,1629656.0,22500266.0,2025-11-20,PHI @ MIL,W,39.0,4.0,12.0,0.333,3.0,9.0,0.333,3.0,4.0,0.75,0.0,4.0,4.0,4.0,0.0,0.0,1.0,0.0,14.0,8.0,1.0,Quentin Grimes,PHI,quentin grimes,22.0,18.0,18.0,8.0,0.0,23.8,0.5087209302325582,0.3784615384615384,26.5,42.2,8.0,Over,Correct
Tyrese Maxey,FG3M,3.5,2025-11-20,PHI @ MIL,PHI,MIL,Under,A Tier,1.26,-1.26,0.7831881,2.2393795368591105,26.5,tyrese maxey,2025-11-20,22025.0,1630178.0,22500266.0,2025-11-20,PHI @ MIL,W,47.0,18.0,30.0,0.6,6.0,15.0,0.4,12.0,14.0,0.857,0.0,5.0,5.0,9.0,3.0,3.0,5.0,3.0,54.0,18.0,1.0,Tyrese Maxey,PHI,tyrese maxey,68.0,59.0,63.0,14.0,6.0,86.5,0.7466814159292036,0.8757446808510637,26.5,42.2,6.0,Over,Incorrect
Harrison Barnes,AST,2.5,2025-11-20,SAS vs ATL,SAS,ATL,Under,A Tier,0.7,-0.7,0.78257555,1.795184094839941,55.9,harrison barnes,2025-11-20,22025.0,203084.0,22500267.0,2025-11-20,SAS vs. ATL,W,34.0,5.0,13.0,0.385,2.0,8.0,0.25,4.0,4.0,1.0,0.0,5.0,5.0,2.0,0.0,0.0,1.0,0.0,16.0,3.0,1.0,Harrison Barnes,SAS,harrison barnes,23.0,21.0,18.0,7.0,0.0,24.0,0.5420054200542006,0.4635294117647058,55.9,55.9,2.0,Under,Correct
Malik Monk,FG3M,1.5,2025-11-20,SAC @ MEM,SAC,MEM,Over,A Tier,0.2,0.2,0.7790017,1.7021162103657848,22.7,malik monk,2025-11-20,22025.0,1628370.0,22500265.0,2025-11-20,SAC @ MEM,L,14.0,1.0,4.0,0.25,0.0,1.0,0.0,0.0,0.0,0.0,1.0,1.0,2.0,2.0,0.0,1.0,1.0,2.0,2.0,-13.0,1.0,Malik Monk,SAC,malik monk,6.0,4.0,4.0,4.0,1.0,9.4,0.25,0.3571428571428571,22.7,25.9,0.0,Under,Incorrect
Vince Williams Jr.,REB,5.5,2025-11-20,MEM vs SAC,MEM,SAC,Under,A Tier,0.95,-0.95,0.77799433,4.546223437296932,57.2,vince williams,2025-11-20,22025.0,1631246.0,22500265.0,2025-11-20,MEM vs. SAC,W,24.0,2.0,7.0,0.286,0.0,3.0,0.0,0.0,0.0,0.0,0.0,5.0,5.0,15.0,2.0,0.0,3.0,1.0,4.0,22.0,1.0,Vince Williams Jr.,MEM,vince williams jr.,24.0,9.0,19.0,20.0,2.0,35.5,0.2857142857142857,0.4166666666666667,57.2,50.7,5.0,Under,Correct
Franz Wagner,AST,4.5,2025-11-20,ORL vs LAC,ORL,LAC,Under,A Tier,0.47,-0.47,0.76541424,4.030549519768422,27.8,franz wagner,2025-11-20,22025.0,1630532.0,22500264.0,2025-11-20,ORL vs. LAC,W,30.0,5.0,13.0,0.385,0.0,2.0,0.0,10.0,12.0,0.833,1.0,5.0,6.0,3.0,1.0,0.0,1.0,2.0,20.0,16.0,1.0,Franz Wagner,ORL,franz wagner,29.0,26.0,23.0,9.0,1.0,33.7,0.5470459518599562,0.6426666666666667,27.8,25.1,3.0,Under,Correct
Devin Vassell,REB,3.5,2025-11-20,SAS vs ATL,SAS,ATL,Under,A Tier,0.7,-0.7,0.7620563,2.7975243822043083,55.9,devin vassell,2025-11-20,22025.0,1630170.0,22500267.0,2025-11-20,SAS vs. ATL,W,33.0,6.0,11.0,0.545,3.0,5.0,0.6,0.0,0.0,0.0,1.0,4.0,5.0,3.0,1.0,1.0,1.0,2.0,15.0,13.0,1.0,Devin Vassell,SAS,devin vassell,23.0,20.0,18.0,8.0,2.0,30.5,0.6818181818181818,0.3636363636363636,55.9,55.9,5.0,Over,Incorrect
Domantas Sabonis,AST,4.5,2025-11-20,SAC @ MEM,SAC,MEM,Under,A Tier,0.4,-0.4,0.7616161,4.103609755557895,22.7,domantas sabonis,2025-11-20,,,,,,,,,,,,,,,,,,,,,,,,,,,,,,,,,,,,,,,,,,Missing Data,
Harrison Barnes,PTS,13.5,2025-11-20,SAS vs ATL,SAS,ATL,Under,A Tier,1.22,-1.22,0.7588023,12.28224089393323,55.9,harrison barnes,2025-11-20,22025.0,203084.0,22500267.0,2025-11-20,SAS vs. ATL,W,34.0,5.0,13.0,0.385,2.0,8.0,0.25,4.0,4.0,1.0,0.0,5.0,5.0,2.0,0.0,0.0,1.0,0.0,16.0,3.0,1.0,Harrison Barnes,SAS,harrison barnes,23.0,21.0,18.0,7.0,0.0,24.0,0.5420054200542006,0.4635294117647058,55.9,55.9,16.0,Over,Incorrect
James Harden,REB,5.5,2025-11-20,LAC @ ORL,LAC,ORL,Over,A Tier,1.0,1.0,0.7538168,6.495589238249547,15.5,james harden,2025-11-20,22025.0,201935.0,22500264.0,2025-11-20,LAC @ ORL,L,31.0,8.0,16.0,0.5,5.0,11.0,0.455,10.0,12.0,0.833,1.0,4.0,5.0,8.0,2.0,0.0,5.0,1.0,31.0,-20.0,1.0,James Harden,LAC,james harden,44.0,36.0,39.0,13.0,2.0,50.0,0.7283834586466165,0.847741935483871,15.5,21.3,5.0,Under,Incorrect
DeMar DeRozan,REB,3.5,2025-11-20,SAC @ MEM,SAC,MEM,Under,A Tier,0.48,-0.48,0.7411046,3.024805307806783,22.7,demar derozan,2025-11-20,22025.0,201942.0,22500265.0,2025-11-20,SAC @ MEM,L,15.0,2.0,3.0,0.667,0.0,0.0,0.0,3.0,3.0,1.0,0.0,0.0,0.0,2.0,1.0,0.0,0.0,4.0,7.0,-22.0,1.0,DeMar DeRozan,SAC,demar derozan,9.0,7.0,9.0,2.0,1.0,13.0,0.8101851851851851,0.288,22.7,25.9,0.0,Under,Correct
Anthony Black,FG3M,1.5,2025-11-20,ORL vs LAC,ORL,LAC,Under,A Tier,0.72,-0.72,0.70472205,0.779595954614464,27.8,anthony black,2025-11-20,22025.0,1641710.0,22500264.0,2025-11-20,ORL vs. LAC,W,29.0,4.0,9.0,0.444,1.0,3.0,0.333,3.0,4.0,0.75,1.0,3.0,4.0,4.0,4.0,0.0,2.0,3.0,12.0,16.0,1.0,Anthony Black,ORL,anthony black,20.0,16.0,16.0,8.0,4.0,32.8,0.5576208178438662,0.44,27.8,25.1,1.0,Under,Correct
Desmond Bane,RA,8.5,2025-11-20,ORL vs LAC,ORL,LAC,Over,A Tier,1.43,1.43,0.68626857,9.926414083196176,27.8,desmond bane,2025-11-20,22025.0,1630217.0,22500264.0,2025-11-20,ORL vs. LAC,W,31.0,5.0,15.0,0.333,3.0,6.0,0.5,2.0,2.0,1.0,1.0,6.0,7.0,5.0,1.0,0.0,2.0,0.0,15.0,13.0,1.0,Desmond Bane,ORL,desmond bane,27.0,22.0,20.0,12.0,1.0,31.9,0.4722921914357682,0.5767741935483872,27.8,25.1,12.0,Over,Correct
Bogdan Bogdanović,PTS,11.5,2025-11-20,LAC @ ORL,LAC,ORL,Under,A Tier,1.48,-1.48,0.6728172,10.018934686709205,15.5,bogdan bogdanovic,2025-11-20,22025.0,203992.0,22500264.0,2025-11-20,LAC @ ORL,L,21.0,2.0,9.0,0.222,2.0,6.0,0.333,0.0,0.0,0.0,1.0,0.0,1.0,3.0,0.0,0.0,1.0,2.0,6.0,-7.0,1.0,Bogdan Bogdanović,LAC,bogdan bogdanovic,10.0,7.0,9.0,4.0,0.0,10.7,0.3333333333333333,0.4761904761904761,15.5,21.3,6.0,Under,Correct
Julian Champagnie,FG3M,2.5,2025-11-20,SAS vs ATL,SAS,ATL,Under,A Tier,0.53,-0.53,0.66630775,1.9709238970344265,55.9,julian champagnie,2025-11-20,22025.0,1630577.0,22500267.0,2025-11-20,SAS vs. ATL,W,31.0,7.0,13.0,0.538,5.0,10.0,0.5,1.0,1.0,1.0,0.0,4.0,4.0,5.0,0.0,1.0,1.0,4.0,20.0,15.0,1.0,Julian Champagnie,SAS,julian champagnie,29.0,24.0,25.0,9.0,1.0,34.3,0.7440476190476191,0.4658064516129032,55.9,55.9,5.0,Over,Incorrect
Joel Embiid,FG3M,1.5,2025-11-20,PHI @ MIL,PHI,MIL,Under,A Tier,0.58,-0.58,0.6625109,0.916653077245574,0.0,joel embiid,2025-11-20,,,,,,,,,,,,,,,,,,,,,,,,,,,,,,,,,,,,,,,,,,Missing Data,
Tyrese Maxey,REB,3.5,2025-11-20,PHI @ MIL,PHI,MIL,Over,A Tier,1.41,1.41,0.66172457,4.914454446543898,26.5,tyrese maxey,2025-11-20,22025.0,1630178.0,22500266.0,2025-11-20,PHI @ MIL,W,47.0,18.0,30.0,0.6,6.0,15.0,0.4,12.0,14.0,0.857,0.0,5.0,5.0,9.0,3.0,3.0,5.0,3.0,54.0,18.0,1.0,Tyrese Maxey,PHI,tyrese maxey,68.0,59.0,63.0,14.0,6.0,86.5,0.7466814159292036,0.8757446808510637,26.5,42.2,5.0,Over,Correct
De'Aaron Fox,FG3M,2.5,2025-11-20,SAS vs ATL,SAS,ATL,Under,A Tier,0.51,-0.51,0.6487541,1.9890914820970056,55.9,deaaron fox,2025-11-20,22025.0,1628368.0,22500267.0,2025-11-20,SAS vs. ATL,W,31.0,9.0,16.0,0.563,2.0,4.0,0.5,6.0,10.0,0.6,2.0,3.0,5.0,9.0,3.0,0.0,2.0,4.0,26.0,-7.0,1.0,De'Aaron Fox,SAS,de'aaron fox,40.0,31.0,35.0,14.0,3.0,52.5,0.6372549019607844,0.7225806451612903,55.9,55.9,2.0,Under,Correct
Nickeil Alexander-Walker,FG3M,2.5,2025-11-20,ATL @ SAS,ATL,SAS,Under,A Tier,0.7,-0.7,0.63714486,1.801156848100009,0.0,nickeil alexanderwalker,2025-11-20,22025.0,1629638.0,22500267.0,2025-11-20,ATL @ SAS,L,34.0,13.0,17.0,0.765,8.0,10.0,0.8,4.0,4.0,1.0,1.0,3.0,4.0,5.0,0.0,3.0,2.0,3.0,38.0,-7.0,1.0,Nickeil Alexander-Walker,ATL,nickeil alexander-walker,47.0,42.0,43.0,9.0,3.0,57.3,1.012793176972281,0.6105882352941177,0.0,0.0,8.0,Over,Incorrect
Julian Champagnie,REB,4.5,2025-11-20,SAS vs ATL,SAS,ATL,Under,A Tier,0.81,-0.81,0.63382125,3.6939676446740743,55.9,julian champagnie,2025-11-20,22025.0,1630577.0,22500267.0,2025-11-20,SAS vs. ATL,W,31.0,7.0,13.0,0.538,5.0,10.0,0.5,1.0,1.0,1.0,0.0,4.0,4.0,5.0,0.0,1.0,1.0,4.0,20.0,15.0,1.0,Julian Champagnie,SAS,julian champagnie,29.0,24.0,25.0,9.0,1.0,34.3,0.7440476190476191,0.4658064516129032,55.9,55.9,4.0,Under,Correct
AJ Green,AST,2.5,2025-11-20,MIL vs PHI,MIL,PHI,Under,A Tier,0.37,-0.37,0.6290295,2.1341232931335603,37.0,aj green,2025-11-20,22025.0,1631260.0,22500266.0,2025-11-20,MIL vs. PHI,L,36.0,3.0,5.0,0.6,3.0,5.0,0.6,0.0,0.0,0.0,0.0,6.0,6.0,0.0,1.0,0.0,2.0,2.0,9.0,-3.0,1.0,AJ Green,MIL,aj green,15.0,15.0,9.0,6.0,1.0,17.2,0.9,0.1944444444444444,37.0,23.9,0.0,Under,Correct
Quentin Grimes,AST,3.5,2025-11-20,PHI @ MIL,PHI,MIL,Over,A Tier,0.62,0.62,0.62509376,4.123867551965852,26.5,quentin grimes,2025-11-20,22025.0,1629656.0,22500266.0,2025-11-20,PHI @ MIL,W,39.0,4.0,12.0,0.333,3.0,9.0,0.333,3.0,4.0,0.75,0.0,4.0,4.0,4.0,0.0,0.0,1.0,0.0,14.0,8.0,1.0,Quentin Grimes,PHI,quentin grimes,22.0,18.0,18.0,8.0,0.0,23.8,0.5087209302325582,0.3784615384615384,26.5,42.2,4.0,Over,Correct
Myles Turner,RA,9.5,2025-11-20,MIL vs PHI,MIL,PHI,Under,A Tier,1.28,-1.28,0.60665226,8.21847017668519,37.0,myles turner,2025-11-20,22025.0,1626167.0,22500266.0,2025-11-20,MIL vs. PHI,L,28.0,5.0,13.0,0.385,3.0,9.0,0.333,1.0,2.0,0.5,1.0,9.0,10.0,1.0,0.0,0.0,0.0,2.0,14.0,1.0,1.0,Myles Turner,MIL,myles turner,25.0,24.0,15.0,11.0,0.0,27.5,0.5043227665706052,0.4957142857142857,37.0,23.9,11.0,Over,Incorrect
Santi Aldama,FG3M,2.5,2025-11-20,MEM vs SAC,MEM,SAC,Under,A Tier,1.02,-1.02,0.6048448,1.4791675651382163,57.2,santi aldama,2025-11-20,22025.0,1630583.0,22500265.0,2025-11-20,MEM vs. SAC,W,28.0,11.0,18.0,0.611,5.0,11.0,0.455,2.0,3.0,0.667,0.0,5.0,5.0,3.0,0.0,2.0,1.0,0.0,29.0,28.0,1.0,Santi Aldama,MEM,santi aldama,37.0,34.0,32.0,8.0,2.0,44.5,0.7505175983436853,0.7257142857142858,57.2,50.7,5.0,Over,Incorrect
Kristaps Porziņģis,AST,2.5,2025-11-20,ATL @ SAS,ATL,SAS,Over,A Tier,1.42,1.42,0.5897836,3.922478791220566,0.0,kristaps porzingis,2025-11-20,22025.0,204001.0,22500267.0,2025-11-20,ATL @ SAS,L,29.0,7.0,10.0,0.7,2.0,3.0,0.667,0.0,0.0,0.0,0.0,5.0,5.0,1.0,0.0,2.0,1.0,3.0,16.0,-3.0,1.0,Kristaps Porziņģis,ATL,kristaps porzingis,22.0,21.0,17.0,6.0,2.0,28.5,0.8,0.3793103448275862,0.0,0.0,1.0,Under,Incorrect
Gary Trent Jr.,REB,2.5,2025-11-20,MIL vs PHI,MIL,PHI,Under,A Tier,0.64,-0.64,0.58863467,1.8639306020754112,37.0,gary trent,2025-11-20,22025.0,1629018.0,22500266.0,2025-11-20,MIL vs. PHI,L,38.0,4.0,10.0,0.4,3.0,7.0,0.429,0.0,0.0,0.0,0.0,0.0,0.0,2.0,1.0,0.0,2.0,1.0,11.0,5.0,1.0,Gary Trent Jr.,MIL,gary trent jr.,13.0,11.0,13.0,2.0,1.0,15.0,0.55,0.3157894736842105,37.0,23.9,0.0,Under,Correct
VJ Edgecombe,FG3M,1.5,2025-11-20,PHI @ MIL,PHI,MIL,Under,A Tier,0.34,-0.34,0.58779675,1.1613881121144587,0.0,vj edgecombe,2025-11-20,,,,,,,,,,,,,,,,,,,,,,,,,,,,,,,,,,,,,,,,,,Missing Data,
Myles Turner,REB,7.5,2025-11-20,MIL vs PHI,MIL,PHI,Under,A Tier,1.63,-1.63,0.5794797,5.873848096572237,37.0,myles turner,2025-11-20,22025.0,1626167.0,22500266.0,2025-11-20,MIL vs. PHI,L,28.0,5.0,13.0,0.385,3.0,9.0,0.333,1.0,2.0,0.5,1.0,9.0,10.0,1.0,0.0,0.0,0.0,2.0,14.0,1.0,1.0,Myles Turner,MIL,myles turner,25.0,24.0,15.0,11.0,0.0,27.5,0.5043227665706052,0.4957142857142857,37.0,23.9,10.0,Over,Incorrect
Luke Kornet,PRA,19.5,2025-11-20,SAS vs ATL,SAS,ATL,Under,A Tier,2.73,-2.73,0.5665858,16.772551047176677,55.9,luke kornet,2025-11-20,22025.0,1628436.0,22500267.0,2025-11-20,SAS vs. ATL,W,23.0,2.0,4.0,0.5,0.0,0.0,0.0,1.0,2.0,0.5,1.0,2.0,3.0,2.0,0.0,0.0,1.0,0.0,5.0,2.0,1.0,Luke Kornet,SAS,luke kornet,10.0,8.0,7.0,5.0,0.0,10.6,0.5122950819672131,0.2556521739130434,55.9,55.9,10.0,Under,Correct
Myles Turner,PTS,15.5,2025-11-20,MIL vs PHI,MIL,PHI,Under,A Tier,2.45,-2.45,0.50501615,13.054900959668988,37.0,myles turner,2025-11-20,22025.0,1626167.0,22500266.0,2025-11-20,MIL vs. PHI,L,28.0,5.0,13.0,0.385,3.0,9.0,0.333,1.0,2.0,0.5,1.0,9.0,10.0,1.0,0.0,0.0,0.0,2.0,14.0,1.0,1.0,Myles Turner,MIL,myles turner,25.0,24.0,15.0,11.0,0.0,27.5,0.5043227665706052,0.4957142857142857,37.0,23.9,14.0,Under,Correct
Jalen Suggs,PRA,22.5,2025-11-20,ORL vs LAC,ORL,LAC,Under,A Tier,1.64,-1.64,0.49794096,20.859984346036317,27.8,jalen suggs,2025-11-20,22025.0,1630591.0,22500264.0,2025-11-20,ORL vs. LAC,W,26.0,8.0,15.0,0.533,5.0,9.0,0.556,2.0,2.0,1.0,1.0,2.0,3.0,7.0,2.0,2.0,3.0,1.0,23.0,12.0,1.0,Jalen Suggs,ORL,jalen suggs,33.0,26.0,30.0,10.0,4.0,46.1,0.7241813602015112,0.7261538461538463,27.8,25.1,33.0,Over,Incorrect
Vince Williams Jr.,AST,5.5,2025-11-20,MEM vs SAC,MEM,SAC,Under,A Tier,1.54,-1.54,0.48943955,3.9591534856106874,57.2,vince williams,2025-11-20,22025.0,1631246.0,22500265.0,2025-11-20,MEM vs. SAC,W,24.0,2.0,7.0,0.286,0.0,3.0,0.0,0.0,0.0,0.0,0.0,5.0,5.0,15.0,2.0,0.0,3.0,1.0,4.0,22.0,1.0,Vince Williams Jr.,MEM,vince williams jr.,24.0,9.0,19.0,20.0,2.0,35.5,0.2857142857142857,0.4166666666666667,57.2,50.7,15.0,Over,Incorrect
Kristaps Porziņģis,PRA,25.5,2025-11-20,ATL @ SAS,ATL,SAS,Over,A Tier,2.14,2.14,0.48687935,27.639726944618705,0.0,kristaps porzingis,2025-11-20,22025.0,204001.0,22500267.0,2025-11-20,ATL @ SAS,L,29.0,7.0,10.0,0.7,2.0,3.0,0.667,0.0,0.0,0.0,0.0,5.0,5.0,1.0,0.0,2.0,1.0,3.0,16.0,-3.0,1.0,Kristaps Porziņģis,ATL,kristaps porzingis,22.0,21.0,17.0,6.0,2.0,28.5,0.8,0.3793103448275862,0.0,0.0,22.0,Under,Incorrect
James Harden,FG3M,3.5,2025-11-20,LAC @ ORL,LAC,ORL,Under,B Tier,0.92,-0.92,0.57929766,2.5818533076076697,15.5,james harden,2025-11-20,22025.0,201935.0,22500264.0,2025-11-20,LAC @ ORL,L,31.0,8.0,16.0,0.5,5.0,11.0,0.455,10.0,12.0,0.833,1.0,4.0,5.0,8.0,2.0,0.0,5.0,1.0,31.0,-20.0,1.0,James Harden,LAC,james harden,44.0,36.0,39.0,13.0,2.0,50.0,0.7283834586466165,0.847741935483871,15.5,21.3,5.0,Over,Incorrect
Kelly Olynyk,AST,3.5,2025-11-20,SAS vs ATL,SAS,ATL,Under,B Tier,0.82,-0.82,0.57195306,2.676366626126134,55.9,kelly olynyk,2025-11-20,22025.0,203482.0,22500267.0,2025-11-20,SAS vs. ATL,W,13.0,2.0,4.0,0.5,1.0,2.0,0.5,3.0,4.0,0.75,1.0,1.0,2.0,0.0,1.0,0.0,1.0,1.0,8.0,-10.0,1.0,Kelly Olynyk,SAS,kelly olynyk,10.0,10.0,8.0,2.0,1.0,12.4,0.6944444444444444,0.52,55.9,55.9,0.0,Under,Correct
DeMar DeRozan,FG3M,0.5,2025-11-20,SAC @ MEM,SAC,MEM,Over,B Tier,0.45,0.45,0.5645105,0.9516981349853144,22.7,demar derozan,2025-11-20,22025.0,201942.0,22500265.0,2025-11-20,SAC @ MEM,L,15.0,2.0,3.0,0.667,0.0,0.0,0.0,3.0,3.0,1.0,0.0,0.0,0.0,2.0,1.0,0.0,0.0,4.0,7.0,-22.0,1.0,DeMar DeRozan,SAC,demar derozan,9.0,7.0,9.0,2.0,1.0,13.0,0.8101851851851851,0.288,22.7,25.9,0.0,Under,Incorrect
Anthony Black,REB,3.5,2025-11-20,ORL vs LAC,ORL,LAC,Under,B Tier,0.77,-0.77,0.55709016,2.732561069780657,27.8,anthony black,2025-11-20,22025.0,1641710.0,22500264.0,2025-11-20,ORL vs. LAC,W,29.0,4.0,9.0,0.444,1.0,3.0,0.333,3.0,4.0,0.75,1.0,3.0,4.0,4.0,4.0,0.0,2.0,3.0,12.0,16.0,1.0,Anthony Black,ORL,anthony black,20.0,16.0,16.0,8.0,4.0,32.8,0.5576208178438662,0.44,27.8,25.1,4.0,Over,Incorrect
Jeremy Sochan,AST,2.5,2025-11-20,SAS vs ATL,SAS,ATL,Under,B Tier,0.48,-0.48,0.54040885,2.023430364968234,55.9,jeremy sochan,2025-11-20,22025.0,1631110.0,22500267.0,2025-11-20,SAS vs. ATL,W,22.0,3.0,10.0,0.3,0.0,5.0,0.0,2.0,2.0,1.0,0.0,5.0,5.0,5.0,1.0,1.0,0.0,1.0,8.0,0.0,1.0,Jeremy Sochan,SAS,jeremy sochan,18.0,13.0,13.0,10.0,2.0,27.5,0.3676470588235294,0.4945454545454545,55.9,55.9,5.0,Over,Incorrect
Jalen Suggs,REB,3.5,2025-11-20,ORL vs LAC,ORL,LAC,Over,B Tier,0.51,0.51,0.53387284,4.010247167991112,27.8,jalen suggs,2025-11-20,22025.0,1630591.0,22500264.0,2025-11-20,ORL vs. LAC,W,26.0,8.0,15.0,0.533,5.0,9.0,0.556,2.0,2.0,1.0,1.0,2.0,3.0,7.0,2.0,2.0,3.0,1.0,23.0,12.0,1.0,Jalen Suggs,ORL,jalen suggs,33.0,26.0,30.0,10.0,4.0,46.1,0.7241813602015112,0.7261538461538463,27.8,25.1,3.0,Under,Incorrect
Franz Wagner,FG3M,1.5,2025-11-20,ORL vs LAC,ORL,LAC,Over,B Tier,0.18,0.18,0.5295041,1.6792040959922212,27.8,franz wagner,2025-11-20,22025.0,1630532.0,22500264.0,2025-11-20,ORL vs. LAC,W,30.0,5.0,13.0,0.385,0.0,2.0,0.0,10.0,12.0,0.833,1.0,5.0,6.0,3.0,1.0,0.0,1.0,2.0,20.0,16.0,1.0,Franz Wagner,ORL,franz wagner,29.0,26.0,23.0,9.0,1.0,33.7,0.5470459518599562,0.6426666666666667,27.8,25.1,0.0,Under,Incorrect
Zach LaVine,FG3M,2.5,2025-11-20,SAC @ MEM,SAC,MEM,Under,B Tier,0.51,-0.51,0.52269375,1.9863890975230716,22.7,zach lavine,2025-11-20,22025.0,203897.0,22500265.0,2025-11-20,SAC @ MEM,L,26.0,10.0,17.0,0.588,4.0,8.0,0.5,2.0,2.0,1.0,0.0,2.0,2.0,2.0,1.0,0.0,3.0,2.0,26.0,-22.0,1.0,Zach LaVine,SAC,zach lavine,30.0,28.0,28.0,4.0,1.0,31.4,0.727069351230425,0.803076923076923,22.7,25.9,4.0,Over,Incorrect
Wendell Carter Jr.,AST,1.5,2025-11-20,ORL vs LAC,ORL,LAC,Over,B Tier,0.5,0.5,0.5096106,1.9998054483212129,27.8,wendell carter,2025-11-20,22025.0,1628976.0,22500264.0,2025-11-20,ORL vs. LAC,W,32.0,3.0,11.0,0.273,1.0,3.0,0.333,0.0,0.0,0.0,1.0,6.0,7.0,6.0,1.0,0.0,0.0,4.0,7.0,13.0,1.0,Wendell Carter Jr.,ORL,wendell carter jr.,20.0,14.0,13.0,13.0,1.0,27.4,0.3181818181818182,0.34375,27.8,25.1,6.0,Over,Correct
VJ Edgecombe,AST,3.5,2025-11-20,PHI @ MIL,PHI,MIL,Over,B Tier,0.38,0.38,0.50724643,3.8835186599219527,0.0,vj edgecombe,2025-11-20,,,,,,,,,,,,,,,,,,,,,,,,,,,,,,,,,,,,,,,,,,Missing Data,
Dyson Daniels,REB,6.5,2025-11-20,ATL @ SAS,ATL,SAS,Under,B Tier,1.48,-1.48,0.50568503,5.0150721686395325,0.0,dyson daniels,2025-11-20,22025.0,1630700.0,22500267.0,2025-11-20,ATL @ SAS,L,31.0,4.0,8.0,0.5,0.0,2.0,0.0,0.0,1.0,0.0,1.0,5.0,6.0,5.0,3.0,0.0,5.0,3.0,8.0,-2.0,1.0,Dyson Daniels,ATL,dyson daniels,19.0,14.0,13.0,11.0,3.0,26.7,0.4739336492890995,0.4335483870967742,0.0,0.0,6.0,Under,Correct
Quentin Grimes,FG3M,2.5,2025-11-20,PHI @ MIL,PHI,MIL,Under,B Tier,0.24,-0.24,0.50088084,2.2628645309231583,26.5,quentin grimes,2025-11-20,22025.0,1629656.0,22500266.0,2025-11-20,PHI @ MIL,W,39.0,4.0,12.0,0.333,3.0,9.0,0.333,3.0,4.0,0.75,0.0,4.0,4.0,4.0,0.0,0.0,1.0,0.0,14.0,8.0,1.0,Quentin Grimes,PHI,quentin grimes,22.0,18.0,18.0,8.0,0.0,23.8,0.5087209302325582,0.3784615384615384,26.5,42.2,3.0,Over,Incorrect
Kristaps Porziņģis,FG3M,1.5,2025-11-20,ATL @ SAS,ATL,SAS,Over,B Tier,0.17,0.17,0.4994125,1.6666414446751974,0.0,kristaps porzingis,2025-11-20,22025.0,204001.0,22500267.0,2025-11-20,ATL @ SAS,L,29.0,7.0,10.0,0.7,2.0,3.0,0.667,0.0,0.0,0.0,0.0,5.0,5.0,1.0,0.0,2.0,1.0,3.0,16.0,-3.0,1.0,Kristaps Porziņģis,ATL,kristaps porzingis,22.0,21.0,17.0,6.0,2.0,28.5,0.8,0.3793103448275862,0.0,0.0,2.0,Over,Correct
Nickeil Alexander-Walker,REB,3.5,2025-11-20,ATL @ SAS,ATL,SAS,Under,B Tier,0.34,-0.34,0.48078185,3.1645345958205517,0.0,nickeil alexanderwalker,2025-11-20,22025.0,1629638.0,22500267.0,2025-11-20,ATL @ SAS,L,34.0,13.0,17.0,0.765,8.0,10.0,0.8,4.0,4.0,1.0,1.0,3.0,4.0,5.0,0.0,3.0,2.0,3.0,38.0,-7.0,1.0,Nickeil Alexander-Walker,ATL,nickeil alexander-walker,47.0,42.0,43.0,9.0,3.0,57.3,1.012793176972281,0.6105882352941177,0.0,0.0,4.0,Over,Incorrect
Cedric Coward,AST,3.5,2025-11-20,MEM vs SAC,MEM,SAC,Under,B Tier,0.58,-0.58,0.47956067,2.922846663021983,49.1,cedric coward,2025-11-20,,,,,,,,,,,,,,,,,,,,,,,,,,,,,,,,,,,,,,,,,,Missing Data,
AJ Green,FG3M,2.5,2025-11-20,MIL vs PHI,MIL,PHI,Under,B Tier,0.27,-0.27,0.4789856,2.2337852049039997,37.0,aj green,2025-11-20,22025.0,1631260.0,22500266.0,2025-11-20,MIL vs. PHI,L,36.0,3.0,5.0,0.6,3.0,5.0,0.6,0.0,0.0,0.0,0.0,6.0,6.0,0.0,1.0,0.0,2.0,2.0,9.0,-3.0,1.0,AJ Green,MIL,aj green,15.0,15.0,9.0,6.0,1.0,17.2,0.9,0.1944444444444444,37.0,23.9,3.0,Over,Incorrect
Gary Trent Jr.,FG3M,2.5,2025-11-20,MIL vs PHI,MIL,PHI,Under,B Tier,0.82,-0.82,0.4657936,1.6797753777517137,37.0,gary trent,2025-11-20,22025.0,1629018.0,22500266.0,2025-11-20,MIL vs. PHI,L,38.0,4.0,10.0,0.4,3.0,7.0,0.429,0.0,0.0,0.0,0.0,0.0,0.0,2.0,1.0,0.0,2.0,1.0,11.0,5.0,1.0,Gary Trent Jr.,MIL,gary trent jr.,13.0,11.0,13.0,2.0,1.0,15.0,0.55,0.3157894736842105,37.0,23.9,3.0,Over,Incorrect
Cedric Coward,RA,11.5,2025-11-20,MEM vs SAC,MEM,SAC,Under,B Tier,1.45,-1.45,0.4598297,10.054832320063714,49.1,cedric coward,2025-11-20,,,,,,,,,,,,,,,,,,,,,,,,,,,,,,,,,,,,,,,,,,Missing Data,
Vince Williams Jr.,FG3M,2.5,2025-11-20,MEM vs SAC,MEM,SAC,Under,B Tier,1.03,-1.03,0.45398188,1.4687506860623811,57.2,vince williams,2025-11-20,22025.0,1631246.0,22500265.0,2025-11-20,MEM vs. SAC,W,24.0,2.0,7.0,0.286,0.0,3.0,0.0,0.0,0.0,0.0,0.0,5.0,5.0,15.0,2.0,0.0,3.0,1.0,4.0,22.0,1.0,Vince Williams Jr.,MEM,vince williams jr.,24.0,9.0,19.0,20.0,2.0,35.5,0.2857142857142857,0.4166666666666667,57.2,50.7,0.0,Under,Correct
Kris Dunn,PRA,13.5,2025-11-20,LAC @ ORL,LAC,ORL,Under,C Tier,0.78,-0.78,0.9642139,12.72419217435487,15.5,kris dunn,2025-11-20,22025.0,1627739.0,22500264.0,2025-11-20,LAC @ ORL,L,25.0,2.0,5.0,0.4,0.0,1.0,0.0,0.0,0.0,0.0,0.0,3.0,3.0,3.0,1.0,0.0,1.0,1.0,4.0,-16.0,1.0,Kris Dunn,LAC,kris dunn,10.0,7.0,7.0,6.0,1.0,14.1,0.4,0.24,15.5,21.3,10.0,Under,Correct
Jalen Johnson,RA,15.5,2025-11-20,ATL @ SAS,ATL,SAS,Over,C Tier,0.58,0.58,0.95178497,16.07933159096786,0.0,jalen johnson,2025-11-20,22025.0,1630552.0,22500267.0,2025-11-20,ATL @ SAS,L,38.0,10.0,15.0,0.667,2.0,3.0,0.667,4.0,6.0,0.667,0.0,12.0,12.0,7.0,1.0,0.0,4.0,3.0,26.0,-1.0,1.0,Jalen Johnson,ATL,jalen johnson,45.0,38.0,33.0,19.0,1.0,49.9,0.7369614512471655,0.5694736842105264,0.0,0.0,19.0,Over,Correct
Bogdan Bogdanović,REB,3.5,2025-11-20,LAC @ ORL,LAC,ORL,Under,C Tier,0.14,-0.14,0.93665886,3.3644587330543905,15.5,bogdan bogdanovic,2025-11-20,22025.0,203992.0,22500264.0,2025-11-20,LAC @ ORL,L,21.0,2.0,9.0,0.222,2.0,6.0,0.333,0.0,0.0,0.0,1.0,0.0,1.0,3.0,0.0,0.0,1.0,2.0,6.0,-7.0,1.0,Bogdan Bogdanović,LAC,bogdan bogdanovic,10.0,7.0,9.0,4.0,0.0,10.7,0.3333333333333333,0.4761904761904761,15.5,21.3,1.0,Under,Correct
Kristaps Porziņģis,PTS,16.5,2025-11-20,ATL @ SAS,ATL,SAS,Under,C Tier,0.89,-0.89,0.93635315,15.609274308854284,0.0,kristaps porzingis,2025-11-20,22025.0,204001.0,22500267.0,2025-11-20,ATL @ SAS,L,29.0,7.0,10.0,0.7,2.0,3.0,0.667,0.0,0.0,0.0,0.0,5.0,5.0,1.0,0.0,2.0,1.0,3.0,16.0,-3.0,1.0,Kristaps Porziņģis,ATL,kristaps porzingis,22.0,21.0,17.0,6.0,2.0,28.5,0.8,0.3793103448275862,0.0,0.0,16.0,Under,Correct
Kelly Olynyk,RA,8.5,2025-11-20,SAS vs ATL,SAS,ATL,Under,C Tier,0.02,-0.02,0.920838,8.484752433044605,55.9,kelly olynyk,2025-11-20,22025.0,203482.0,22500267.0,2025-11-20,SAS vs. ATL,W,13.0,2.0,4.0,0.5,1.0,2.0,0.5,3.0,4.0,0.75,1.0,1.0,2.0,0.0,1.0,0.0,1.0,1.0,8.0,-10.0,1.0,Kelly Olynyk,SAS,kelly olynyk,10.0,10.0,8.0,2.0,1.0,12.4,0.6944444444444444,0.52,55.9,55.9,2.0,Under,Correct
Kris Dunn,PTS,7.5,2025-11-20,LAC @ ORL,LAC,ORL,Under,C Tier,0.18,-0.18,0.89725083,7.319843957522583,15.5,kris dunn,2025-11-20,22025.0,1627739.0,22500264.0,2025-11-20,LAC @ ORL,L,25.0,2.0,5.0,0.4,0.0,1.0,0.0,0.0,0.0,0.0,0.0,3.0,3.0,3.0,1.0,0.0,1.0,1.0,4.0,-16.0,1.0,Kris Dunn,LAC,kris dunn,10.0,7.0,7.0,6.0,1.0,14.1,0.4,0.24,15.5,21.3,4.0,Under,Correct
Jaylen Wells,PRA,18.5,2025-11-20,MEM vs SAC,MEM,SAC,Under,C Tier,1.48,-1.48,0.8903691,17.02441911203661,57.2,jaylen wells,2025-11-20,22025.0,1642377.0,22500265.0,2025-11-20,MEM vs. SAC,W,19.0,4.0,9.0,0.444,2.0,5.0,0.4,3.0,4.0,0.75,0.0,1.0,1.0,2.0,1.0,0.0,0.0,3.0,13.0,13.0,1.0,Jaylen Wells,MEM,jaylen wells,16.0,14.0,15.0,3.0,1.0,20.2,0.604089219330855,0.5663157894736842,57.2,50.7,16.0,Under,Correct
Dennis Schröder,PRA,21.5,2025-11-20,SAC @ MEM,SAC,MEM,Under,C Tier,0.1,-0.1,0.8471772,21.40421529086863,22.7,dennis schroder,2025-11-20,22025.0,203471.0,22500265.0,2025-11-20,SAC @ MEM,L,25.0,0.0,8.0,0.0,0.0,4.0,0.0,3.0,4.0,0.75,1.0,1.0,2.0,6.0,0.0,1.0,3.0,2.0,3.0,-16.0,1.0,Dennis Schröder,SAC,dennis schroder,11.0,5.0,9.0,8.0,1.0,14.4,0.1536885245901639,0.5104,22.7,25.9,11.0,Under,Correct
Keldon Johnson,RA,9.5,2025-11-20,SAS vs ATL,SAS,ATL,Under,C Tier,0.59,-0.59,0.83861035,8.909692655471002,55.9,keldon johnson,2025-11-20,22025.0,1629640.0,22500267.0,2025-11-20,SAS vs. ATL,W,32.0,9.0,12.0,0.75,3.0,5.0,0.6,4.0,5.0,0.8,2.0,5.0,7.0,2.0,1.0,0.0,2.0,2.0,25.0,8.0,1.0,Keldon Johnson,SAS,keldon johnson,34.0,32.0,27.0,9.0,1.0,37.4,0.8802816901408451,0.50625,55.9,55.9,9.0,Under,Correct
Jalen Suggs,AST,4.5,2025-11-20,ORL vs LAC,ORL,LAC,Under,C Tier,0.24,-0.24,0.83509016,4.260411873621928,27.8,jalen suggs,2025-11-20,22025.0,1630591.0,22500264.0,2025-11-20,ORL vs. LAC,W,26.0,8.0,15.0,0.533,5.0,9.0,0.556,2.0,2.0,1.0,1.0,2.0,3.0,7.0,2.0,2.0,3.0,1.0,23.0,12.0,1.0,Jalen Suggs,ORL,jalen suggs,33.0,26.0,30.0,10.0,4.0,46.1,0.7241813602015112,0.7261538461538463,27.8,25.1,7.0,Over,Incorrect
Dennis Schröder,PTS,12.5,2025-11-20,SAC @ MEM,SAC,MEM,Under,C Tier,0.49,-0.49,0.82961524,12.013480339061395,22.7,dennis schroder,2025-11-20,22025.0,203471.0,22500265.0,2025-11-20,SAC @ MEM,L,25.0,0.0,8.0,0.0,0.0,4.0,0.0,3.0,4.0,0.75,1.0,1.0,2.0,6.0,0.0,1.0,3.0,2.0,3.0,-16.0,1.0,Dennis Schröder,SAC,dennis schroder,11.0,5.0,9.0,8.0,1.0,14.4,0.1536885245901639,0.5104,22.7,25.9,3.0,Under,Correct
Kris Dunn,AST,2.5,2025-11-20,LAC @ ORL,LAC,ORL,Under,C Tier,0.15,-0.15,0.80030465,2.3452449803137387,15.5,kris dunn,2025-11-20,22025.0,1627739.0,22500264.0,2025-11-20,LAC @ ORL,L,25.0,2.0,5.0,0.4,0.0,1.0,0.0,0.0,0.0,0.0,0.0,3.0,3.0,3.0,1.0,0.0,1.0,1.0,4.0,-16.0,1.0,Kris Dunn,LAC,kris dunn,10.0,7.0,7.0,6.0,1.0,14.1,0.4,0.24,15.5,21.3,3.0,Over,Incorrect
DeMar DeRozan,AST,3.5,2025-11-20,SAC @ MEM,SAC,MEM,Under,C Tier,0.23,-0.23,0.7786159,3.2739353441726946,22.7,demar derozan,2025-11-20,22025.0,201942.0,22500265.0,2025-11-20,SAC @ MEM,L,15.0,2.0,3.0,0.667,0.0,0.0,0.0,3.0,3.0,1.0,0.0,0.0,0.0,2.0,1.0,0.0,0.0,4.0,7.0,-22.0,1.0,DeMar DeRozan,SAC,demar derozan,9.0,7.0,9.0,2.0,1.0,13.0,0.8101851851851851,0.288,22.7,25.9,2.0,Under,Correct
Tyrese Maxey,PRA,39.5,2025-11-20,PHI @ MIL,PHI,MIL,Over,C Tier,0.22,0.22,0.7780787,39.718965325783145,26.5,tyrese maxey,2025-11-20,22025.0,1630178.0,22500266.0,2025-11-20,PHI @ MIL,W,47.0,18.0,30.0,0.6,6.0,15.0,0.4,12.0,14.0,0.857,0.0,5.0,5.0,9.0,3.0,3.0,5.0,3.0,54.0,18.0,1.0,Tyrese Maxey,PHI,tyrese maxey,68.0,59.0,63.0,14.0,6.0,86.5,0.7466814159292036,0.8757446808510637,26.5,42.2,68.0,Over,Correct
James Harden,RA,13.5,2025-11-20,LAC @ ORL,LAC,ORL,Under,C Tier,0.3,-0.3,0.77653396,13.201506842648174,15.5,james harden,2025-11-20,22025.0,201935.0,22500264.0,2025-11-20,LAC @ ORL,L,31.0,8.0,16.0,0.5,5.0,11.0,0.455,10.0,12.0,0.833,1.0,4.0,5.0,8.0,2.0,0.0,5.0,1.0,31.0,-20.0,1.0,James Harden,LAC,james harden,44.0,36.0,39.0,13.0,2.0,50.0,0.7283834586466165,0.847741935483871,15.5,21.3,13.0,Under,Correct
Joel Embiid,PTS,17.5,2025-11-20,PHI @ MIL,PHI,MIL,Under,C Tier,0.18,-0.18,0.7706212,17.323892970733336,0.0,joel embiid,2025-11-20,,,,,,,,,,,,,,,,,,,,,,,,,,,,,,,,,,,,,,,,,,Missing Data,
Ivica Zubac,RA,13.5,2025-11-20,LAC @ ORL,LAC,ORL,Under,C Tier,0.93,-0.93,0.7535734,12.574867010223455,15.5,ivica zubac,2025-11-20,22025.0,1627826.0,22500264.0,2025-11-20,LAC @ ORL,L,32.0,7.0,16.0,0.438,0.0,0.0,0.0,0.0,0.0,0.0,5.0,14.0,19.0,0.0,0.0,0.0,1.0,2.0,14.0,-8.0,1.0,Ivica Zubac,LAC,ivica zubac,33.0,33.0,14.0,19.0,0.0,35.8,0.4375,0.53125,15.5,21.3,19.0,Over,Incorrect
Desmond Bane,AST,4.5,2025-11-20,ORL vs LAC,ORL,LAC,Under,C Tier,0.2,-0.2,0.74263906,4.303808112079586,27.8,desmond bane,2025-11-20,22025.0,1630217.0,22500264.0,2025-11-20,ORL vs. LAC,W,31.0,5.0,15.0,0.333,3.0,6.0,0.5,2.0,2.0,1.0,1.0,6.0,7.0,5.0,1.0,0.0,2.0,0.0,15.0,13.0,1.0,Desmond Bane,ORL,desmond bane,27.0,22.0,20.0,12.0,1.0,31.9,0.4722921914357682,0.5767741935483872,27.8,25.1,5.0,Over,Incorrect
Jaylen Wells,FG3M,1.5,2025-11-20,MEM vs SAC,MEM,SAC,Under,C Tier,0.1,-0.1,0.7403713,1.404856662827107,57.2,jaylen wells,2025-11-20,22025.0,1642377.0,22500265.0,2025-11-20,MEM vs. SAC,W,19.0,4.0,9.0,0.444,2.0,5.0,0.4,3.0,4.0,0.75,0.0,1.0,1.0,2.0,1.0,0.0,0.0,3.0,13.0,13.0,1.0,Jaylen Wells,MEM,jaylen wells,16.0,14.0,15.0,3.0,1.0,20.2,0.604089219330855,0.5663157894736842,57.2,50.7,2.0,Over,Incorrect
Malik Monk,AST,2.5,2025-11-20,SAC @ MEM,SAC,MEM,Under,C Tier,0.14,-0.14,0.7334677,2.357313126570898,22.7,malik monk,2025-11-20,22025.0,1628370.0,22500265.0,2025-11-20,SAC @ MEM,L,14.0,1.0,4.0,0.25,0.0,1.0,0.0,0.0,0.0,0.0,1.0,1.0,2.0,2.0,0.0,1.0,1.0,2.0,2.0,-13.0,1.0,Malik Monk,SAC,malik monk,6.0,4.0,4.0,4.0,1.0,9.4,0.25,0.3571428571428571,22.7,25.9,2.0,Under,Correct
VJ Edgecombe,PTS,14.5,2025-11-20,PHI @ MIL,PHI,MIL,Over,C Tier,0.09,0.09,0.72801423,14.58898007350237,0.0,vj edgecombe,2025-11-20,,,,,,,,,,,,,,,,,,,,,,,,,,,,,,,,,,,,,,,,,,Missing Data,
Julian Champagnie,PTS,10.5,2025-11-20,SAS vs ATL,SAS,ATL,Under,C Tier,0.64,-0.64,0.72729677,9.864039511702734,55.9,julian champagnie,2025-11-20,22025.0,1630577.0,22500267.0,2025-11-20,SAS vs. ATL,W,31.0,7.0,13.0,0.538,5.0,10.0,0.5,1.0,1.0,1.0,0.0,4.0,4.0,5.0,0.0,1.0,1.0,4.0,20.0,15.0,1.0,Julian Champagnie,SAS,julian champagnie,29.0,24.0,25.0,9.0,1.0,34.3,0.7440476190476191,0.4658064516129032,55.9,55.9,20.0,Over,Incorrect
Jaylen Wells,REB,3.5,2025-11-20,MEM vs SAC,MEM,SAC,Under,C Tier,0.27,-0.27,0.7238692,3.226736495729082,57.2,jaylen wells,2025-11-20,22025.0,1642377.0,22500265.0,2025-11-20,MEM vs. SAC,W,19.0,4.0,9.0,0.444,2.0,5.0,0.4,3.0,4.0,0.75,0.0,1.0,1.0,2.0,1.0,0.0,0.0,3.0,13.0,13.0,1.0,Jaylen Wells,MEM,jaylen wells,16.0,14.0,15.0,3.0,1.0,20.2,0.604089219330855,0.5663157894736842,57.2,50.7,1.0,Under,Correct
Santi Aldama,RA,9.5,2025-11-20,MEM vs SAC,MEM,SAC,Over,C Tier,0.11,0.11,0.7131875,9.610363914485475,57.2,santi aldama,2025-11-20,22025.0,1630583.0,22500265.0,2025-11-20,MEM vs. SAC,W,28.0,11.0,18.0,0.611,5.0,11.0,0.455,2.0,3.0,0.667,0.0,5.0,5.0,3.0,0.0,2.0,1.0,0.0,29.0,28.0,1.0,Santi Aldama,MEM,santi aldama,37.0,34.0,32.0,8.0,2.0,44.5,0.7505175983436853,0.7257142857142858,57.2,50.7,8.0,Under,Incorrect
Keldon Johnson,REB,6.5,2025-11-20,SAS vs ATL,SAS,ATL,Under,C Tier,0.45,-0.45,0.7055124,6.046622954137861,55.9,keldon johnson,2025-11-20,22025.0,1629640.0,22500267.0,2025-11-20,SAS vs. ATL,W,32.0,9.0,12.0,0.75,3.0,5.0,0.6,4.0,5.0,0.8,2.0,5.0,7.0,2.0,1.0,0.0,2.0,2.0,25.0,8.0,1.0,Keldon Johnson,SAS,keldon johnson,34.0,32.0,27.0,9.0,1.0,37.4,0.8802816901408451,0.50625,55.9,55.9,7.0,Over,Incorrect
Zaccharie Risacher,PRA,16.5,2025-11-20,ATL @ SAS,ATL,SAS,Under,C Tier,0.27,-0.27,0.70505965,16.230857073071228,0.0,zaccharie risacher,2025-11-20,22025.0,1642258.0,22500267.0,2025-11-20,ATL @ SAS,L,21.0,1.0,10.0,0.1,0.0,5.0,0.0,0.0,0.0,0.0,1.0,1.0,2.0,1.0,0.0,0.0,1.0,3.0,2.0,2.0,1.0,Zaccharie Risacher,ATL,zaccharie risacher,5.0,4.0,3.0,3.0,0.0,4.9,0.1,0.5238095238095238,0.0,0.0,5.0,Under,Correct
Zach LaVine,PTS,18.5,2025-11-20,SAC @ MEM,SAC,MEM,Under,C Tier,1.18,-1.18,0.7047975,17.320045988230024,22.7,zach lavine,2025-11-20,22025.0,203897.0,22500265.0,2025-11-20,SAC @ MEM,L,26.0,10.0,17.0,0.588,4.0,8.0,0.5,2.0,2.0,1.0,0.0,2.0,2.0,2.0,1.0,0.0,3.0,2.0,26.0,-22.0,1.0,Zach LaVine,SAC,zach lavine,30.0,28.0,28.0,4.0,1.0,31.4,0.727069351230425,0.803076923076923,22.7,25.9,26.0,Over,Incorrect
Tristan da Silva,PRA,18.5,2025-11-20,ORL vs LAC,ORL,LAC,Under,C Tier,0.4,-0.4,0.69774854,18.097879069649338,27.8,tristan da silva,2025-11-20,22025.0,1641783.0,22500264.0,2025-11-20,ORL vs. LAC,W,30.0,7.0,17.0,0.412,3.0,6.0,0.5,0.0,0.0,0.0,3.0,5.0,8.0,1.0,0.0,0.0,0.0,2.0,17.0,20.0,1.0,Tristan da Silva,ORL,tristan da silva,26.0,25.0,18.0,9.0,0.0,28.1,0.5,0.5666666666666667,27.8,25.1,26.0,Over,Incorrect
Kelly Olynyk,PTS,7.5,2025-11-20,SAS vs ATL,SAS,ATL,Over,C Tier,0.12,0.12,0.6718345,7.619910470494493,55.9,kelly olynyk,2025-11-20,22025.0,203482.0,22500267.0,2025-11-20,SAS vs. ATL,W,13.0,2.0,4.0,0.5,1.0,2.0,0.5,3.0,4.0,0.75,1.0,1.0,2.0,0.0,1.0,0.0,1.0,1.0,8.0,-10.0,1.0,Kelly Olynyk,SAS,kelly olynyk,10.0,10.0,8.0,2.0,1.0,12.4,0.6944444444444444,0.52,55.9,55.9,8.0,Over,Correct
Dennis Schröder,REB,3.5,2025-11-20,SAC @ MEM,SAC,MEM,Under,C Tier,0.0,-0.0,0.6629455,3.495313560976074,22.7,dennis schroder,2025-11-20,22025.0,203471.0,22500265.0,2025-11-20,SAC @ MEM,L,25.0,0.0,8.0,0.0,0.0,4.0,0.0,3.0,4.0,0.75,1.0,1.0,2.0,6.0,0.0,1.0,3.0,2.0,3.0,-16.0,1.0,Dennis Schröder,SAC,dennis schroder,11.0,5.0,9.0,8.0,1.0,14.4,0.1536885245901639,0.5104,22.7,25.9,2.0,Under,Correct
Quentin Grimes,PTS,15.5,2025-11-20,PHI @ MIL,PHI,MIL,Under,C Tier,0.39,-0.39,0.6598816,15.109633604580528,26.5,quentin grimes,2025-11-20,22025.0,1629656.0,22500266.0,2025-11-20,PHI @ MIL,W,39.0,4.0,12.0,0.333,3.0,9.0,0.333,3.0,4.0,0.75,0.0,4.0,4.0,4.0,0.0,0.0,1.0,0.0,14.0,8.0,1.0,Quentin Grimes,PHI,quentin grimes,22.0,18.0,18.0,8.0,0.0,23.8,0.5087209302325582,0.3784615384615384,26.5,42.2,14.0,Under,Correct
Vince Williams Jr.,RA,10.5,2025-11-20,MEM vs SAC,MEM,SAC,Under,C Tier,0.82,-0.82,0.6571908,9.682606490162248,57.2,vince williams,2025-11-20,22025.0,1631246.0,22500265.0,2025-11-20,MEM vs. SAC,W,24.0,2.0,7.0,0.286,0.0,3.0,0.0,0.0,0.0,0.0,0.0,5.0,5.0,15.0,2.0,0.0,3.0,1.0,4.0,22.0,1.0,Vince Williams Jr.,MEM,vince williams jr.,24.0,9.0,19.0,20.0,2.0,35.5,0.2857142857142857,0.4166666666666667,57.2,50.7,20.0,Over,Incorrect
AJ Green,PTS,9.5,2025-11-20,MIL vs PHI,MIL,PHI,Over,C Tier,0.18,0.18,0.6523715,9.67735252022918,37.0,aj green,2025-11-20,22025.0,1631260.0,22500266.0,2025-11-20,MIL vs. PHI,L,36.0,3.0,5.0,0.6,3.0,5.0,0.6,0.0,0.0,0.0,0.0,6.0,6.0,0.0,1.0,0.0,2.0,2.0,9.0,-3.0,1.0,AJ Green,MIL,aj green,15.0,15.0,9.0,6.0,1.0,17.2,0.9,0.1944444444444444,37.0,23.9,9.0,Under,Incorrect
Jalen Suggs,PTS,13.5,2025-11-20,ORL vs LAC,ORL,LAC,Under,C Tier,0.18,-0.18,0.65179455,13.32050898788522,27.8,jalen suggs,2025-11-20,22025.0,1630591.0,22500264.0,2025-11-20,ORL vs. LAC,W,26.0,8.0,15.0,0.533,5.0,9.0,0.556,2.0,2.0,1.0,1.0,2.0,3.0,7.0,2.0,2.0,3.0,1.0,23.0,12.0,1.0,Jalen Suggs,ORL,jalen suggs,33.0,26.0,30.0,10.0,4.0,46.1,0.7241813602015112,0.7261538461538463,27.8,25.1,23.0,Over,Incorrect
Bogdan Bogdanović,PRA,17.5,2025-11-20,LAC @ ORL,LAC,ORL,Under,C Tier,0.41,-0.41,0.6483815,17.0910144923821,15.5,bogdan bogdanovic,2025-11-20,22025.0,203992.0,22500264.0,2025-11-20,LAC @ ORL,L,21.0,2.0,9.0,0.222,2.0,6.0,0.333,0.0,0.0,0.0,1.0,0.0,1.0,3.0,0.0,0.0,1.0,2.0,6.0,-7.0,1.0,Bogdan Bogdanović,LAC,bogdan bogdanovic,10.0,7.0,9.0,4.0,0.0,10.7,0.3333333333333333,0.4761904761904761,15.5,21.3,10.0,Under,Correct
Nickeil Alexander-Walker,AST,3.5,2025-11-20,ATL @ SAS,ATL,SAS,Under,C Tier,0.03,-0.03,0.644099,3.4705405610145683,0.0,nickeil alexanderwalker,2025-11-20,22025.0,1629638.0,22500267.0,2025-11-20,ATL @ SAS,L,34.0,13.0,17.0,0.765,8.0,10.0,0.8,4.0,4.0,1.0,1.0,3.0,4.0,5.0,0.0,3.0,2.0,3.0,38.0,-7.0,1.0,Nickeil Alexander-Walker,ATL,nickeil alexander-walker,47.0,42.0,43.0,9.0,3.0,57.3,1.012793176972281,0.6105882352941177,0.0,0.0,5.0,Over,Incorrect
Kelly Olynyk,REB,4.5,2025-11-20,SAS vs ATL,SAS,ATL,Under,C Tier,0.06,-0.06,0.6419439,4.43731047921674,55.9,kelly olynyk,2025-11-20,22025.0,203482.0,22500267.0,2025-11-20,SAS vs. ATL,W,13.0,2.0,4.0,0.5,1.0,2.0,0.5,3.0,4.0,0.75,1.0,1.0,2.0,0.0,1.0,0.0,1.0,1.0,8.0,-10.0,1.0,Kelly Olynyk,SAS,kelly olynyk,10.0,10.0,8.0,2.0,1.0,12.4,0.6944444444444444,0.52,55.9,55.9,2.0,Under,Correct
Dennis Schröder,FG3M,1.5,2025-11-20,SAC @ MEM,SAC,MEM,Over,C Tier,0.08,0.08,0.6365774,1.5755313175450831,22.7,dennis schroder,2025-11-20,22025.0,203471.0,22500265.0,2025-11-20,SAC @ MEM,L,25.0,0.0,8.0,0.0,0.0,4.0,0.0,3.0,4.0,0.75,1.0,1.0,2.0,6.0,0.0,1.0,3.0,2.0,3.0,-16.0,1.0,Dennis Schröder,SAC,dennis schroder,11.0,5.0,9.0,8.0,1.0,14.4,0.1536885245901639,0.5104,22.7,25.9,0.0,Under,Incorrect
Russell Westbrook,AST,6.5,2025-11-20,SAC @ MEM,SAC,MEM,Under,C Tier,0.46,-0.46,0.6335726,6.040953312671299,22.7,russell westbrook,2025-11-20,22025.0,201566.0,22500265.0,2025-11-20,SAC @ MEM,L,21.0,4.0,10.0,0.4,2.0,6.0,0.333,1.0,2.0,0.5,1.0,6.0,7.0,4.0,0.0,0.0,4.0,3.0,11.0,-28.0,1.0,Russell Westbrook,SAC,russell westbrook,22.0,18.0,15.0,11.0,0.0,21.4,0.5055147058823529,0.7085714285714286,22.7,25.9,4.0,Under,Correct
DeMar DeRozan,PRA,24.5,2025-11-20,SAC @ MEM,SAC,MEM,Under,C Tier,1.29,-1.29,0.6315465,23.20874989983159,22.7,demar derozan,2025-11-20,22025.0,201942.0,22500265.0,2025-11-20,SAC @ MEM,L,15.0,2.0,3.0,0.667,0.0,0.0,0.0,3.0,3.0,1.0,0.0,0.0,0.0,2.0,1.0,0.0,0.0,4.0,7.0,-22.0,1.0,DeMar DeRozan,SAC,demar derozan,9.0,7.0,9.0,2.0,1.0,13.0,0.8101851851851851,0.288,22.7,25.9,9.0,Under,Correct
Kristaps Porziņģis,REB,5.5,2025-11-20,ATL @ SAS,ATL,SAS,Under,C Tier,0.21,-0.21,0.62814796,5.291632808244295,0.0,kristaps porzingis,2025-11-20,22025.0,204001.0,22500267.0,2025-11-20,ATL @ SAS,L,29.0,7.0,10.0,0.7,2.0,3.0,0.667,0.0,0.0,0.0,0.0,5.0,5.0,1.0,0.0,2.0,1.0,3.0,16.0,-3.0,1.0,Kristaps Porziņģis,ATL,kristaps porzingis,22.0,21.0,17.0,6.0,2.0,28.5,0.8,0.3793103448275862,0.0,0.0,5.0,Under,Correct
Zaccharie Risacher,PTS,11.5,2025-11-20,ATL @ SAS,ATL,SAS,Under,C Tier,0.78,-0.78,0.6233754,10.717238522515444,0.0,zaccharie risacher,2025-11-20,22025.0,1642258.0,22500267.0,2025-11-20,ATL @ SAS,L,21.0,1.0,10.0,0.1,0.0,5.0,0.0,0.0,0.0,0.0,1.0,1.0,2.0,1.0,0.0,0.0,1.0,3.0,2.0,2.0,1.0,Zaccharie Risacher,ATL,zaccharie risacher,5.0,4.0,3.0,3.0,0.0,4.9,0.1,0.5238095238095238,0.0,0.0,2.0,Under,Correct
Tristan da Silva,PTS,11.5,2025-11-20,ORL vs LAC,ORL,LAC,Under,C Tier,0.09,-0.09,0.61982477,11.414186886011224,27.8,tristan da silva,2025-11-20,22025.0,1641783.0,22500264.0,2025-11-20,ORL vs. LAC,W,30.0,7.0,17.0,0.412,3.0,6.0,0.5,0.0,0.0,0.0,3.0,5.0,8.0,1.0,0.0,0.0,0.0,2.0,17.0,20.0,1.0,Tristan da Silva,ORL,tristan da silva,26.0,25.0,18.0,9.0,0.0,28.1,0.5,0.5666666666666667,27.8,25.1,17.0,Over,Incorrect
Dyson Daniels,AST,5.5,2025-11-20,ATL @ SAS,ATL,SAS,Over,C Tier,0.05,0.05,0.61153966,5.5497555098902405,0.0,dyson daniels,2025-11-20,22025.0,1630700.0,22500267.0,2025-11-20,ATL @ SAS,L,31.0,4.0,8.0,0.5,0.0,2.0,0.0,0.0,1.0,0.0,1.0,5.0,6.0,5.0,3.0,0.0,5.0,3.0,8.0,-2.0,1.0,Dyson Daniels,ATL,dyson daniels,19.0,14.0,13.0,11.0,3.0,26.7,0.4739336492890995,0.4335483870967742,0.0,0.0,5.0,Under,Incorrect
Joel Embiid,RA,10.5,2025-11-20,PHI @ MIL,PHI,MIL,Under,C Tier,0.72,-0.72,0.59313977,9.779381960917217,0.0,joel embiid,2025-11-20,,,,,,,,,,,,,,,,,,,,,,,,,,,,,,,,,,,,,,,,,,Missing Data,
Zach LaVine,REB,3.5,2025-11-20,SAC @ MEM,SAC,MEM,Under,C Tier,0.05,-0.05,0.5760181,3.4455727627124126,22.7,zach lavine,2025-11-20,22025.0,203897.0,22500265.0,2025-11-20,SAC @ MEM,L,26.0,10.0,17.0,0.588,4.0,8.0,0.5,2.0,2.0,1.0,0.0,2.0,2.0,2.0,1.0,0.0,3.0,2.0,26.0,-22.0,1.0,Zach LaVine,SAC,zach lavine,30.0,28.0,28.0,4.0,1.0,31.4,0.727069351230425,0.803076923076923,22.7,25.9,2.0,Under,Correct
De'Aaron Fox,REB,3.5,2025-11-20,SAS vs ATL,SAS,ATL,Over,C Tier,0.13,0.13,0.5589421,3.6286121441046255,55.9,deaaron fox,2025-11-20,22025.0,1628368.0,22500267.0,2025-11-20,SAS vs. ATL,W,31.0,9.0,16.0,0.563,2.0,4.0,0.5,6.0,10.0,0.6,2.0,3.0,5.0,9.0,3.0,0.0,2.0,4.0,26.0,-7.0,1.0,De'Aaron Fox,SAS,de'aaron fox,40.0,31.0,35.0,14.0,3.0,52.5,0.6372549019607844,0.7225806451612903,55.9,55.9,5.0,Over,Correct
Desmond Bane,PTS,20.5,2025-11-20,ORL vs LAC,ORL,LAC,Under,C Tier,1.29,-1.29,0.54707265,19.211561778394525,27.8,desmond bane,2025-11-20,22025.0,1630217.0,22500264.0,2025-11-20,ORL vs. LAC,W,31.0,5.0,15.0,0.333,3.0,6.0,0.5,2.0,2.0,1.0,1.0,6.0,7.0,5.0,1.0,0.0,2.0,0.0,15.0,13.0,1.0,Desmond Bane,ORL,desmond bane,27.0,22.0,20.0,12.0,1.0,31.9,0.4722921914357682,0.5767741935483872,27.8,25.1,15.0,Under,Correct
Russell Westbrook,PTS,13.5,2025-11-20,SAC @ MEM,SAC,MEM,Under,C Tier,0.48,-0.48,0.51422834,13.023896183856834,22.7,russell westbrook,2025-11-20,22025.0,201566.0,22500265.0,2025-11-20,SAC @ MEM,L,21.0,4.0,10.0,0.4,2.0,6.0,0.333,1.0,2.0,0.5,1.0,6.0,7.0,4.0,0.0,0.0,4.0,3.0,11.0,-28.0,1.0,Russell Westbrook,SAC,russell westbrook,22.0,18.0,15.0,11.0,0.0,21.4,0.5055147058823529,0.7085714285714286,22.7,25.9,11.0,Under,Correct
Quentin Grimes,PRA,23.5,2025-11-20,PHI @ MIL,PHI,MIL,Over,C Tier,0.31,0.31,0.5075307,23.8144100607422,26.5,quentin grimes,2025-11-20,22025.0,1629656.0,22500266.0,2025-11-20,PHI @ MIL,W,39.0,4.0,12.0,0.333,3.0,9.0,0.333,3.0,4.0,0.75,0.0,4.0,4.0,4.0,0.0,0.0,1.0,0.0,14.0,8.0,1.0,Quentin Grimes,PHI,quentin grimes,22.0,18.0,18.0,8.0,0.0,23.8,0.5087209302325582,0.3784615384615384,26.5,42.2,22.0,Under,Incorrect
Jalen Johnson,AST,6.5,2025-11-20,ATL @ SAS,ATL,SAS,Over,C Tier,0.12,0.12,0.491339,6.624615792206274,0.0,jalen johnson,2025-11-20,22025.0,1630552.0,22500267.0,2025-11-20,ATL @ SAS,L,38.0,10.0,15.0,0.667,2.0,3.0,0.667,4.0,6.0,0.667,0.0,12.0,12.0,7.0,1.0,0.0,4.0,3.0,26.0,-1.0,1.0,Jalen Johnson,ATL,jalen johnson,45.0,38.0,33.0,19.0,1.0,49.9,0.7369614512471655,0.5694736842105264,0.0,0.0,7.0,Over,Correct
Ivica Zubac,REB,10.5,2025-11-20,LAC @ ORL,LAC,ORL,Under,C Tier,0.48,-0.48,0.48997718,10.02142507901714,15.5,ivica zubac,2025-11-20,22025.0,1627826.0,22500264.0,2025-11-20,LAC @ ORL,L,32.0,7.0,16.0,0.438,0.0,0.0,0.0,0.0,0.0,0.0,5.0,14.0,19.0,0.0,0.0,0.0,1.0,2.0,14.0,-8.0,1.0,Ivica Zubac,LAC,ivica zubac,33.0,33.0,14.0,19.0,0.0,35.8,0.4375,0.53125,15.5,21.3,19.0,Over,Incorrect
Nickeil Alexander-Walker,RA,7.5,2025-11-20,ATL @ SAS,ATL,SAS,Over,C Tier,0.32,0.32,0.48406616,7.819083494849432,0.0,nickeil alexanderwalker,2025-11-20,22025.0,1629638.0,22500267.0,2025-11-20,ATL @ SAS,L,34.0,13.0,17.0,0.765,8.0,10.0,0.8,4.0,4.0,1.0,1.0,3.0,4.0,5.0,0.0,3.0,2.0,3.0,38.0,-7.0,1.0,Nickeil Alexander-Walker,ATL,nickeil alexander-walker,47.0,42.0,43.0,9.0,3.0,57.3,1.012793176972281,0.6105882352941177,0.0,0.0,9.0,Over,Correct
Dennis Schröder,AST,4.5,2025-11-20,SAC @ MEM,SAC,MEM,Over,C Tier,0.03,0.03,0.4796513,4.533472766286562,22.7,dennis schroder,2025-11-20,22025.0,203471.0,22500265.0,2025-11-20,SAC @ MEM,L,25.0,0.0,8.0,0.0,0.0,4.0,0.0,3.0,4.0,0.75,1.0,1.0,2.0,6.0,0.0,1.0,3.0,2.0,3.0,-16.0,1.0,Dennis Schröder,SAC,dennis schroder,11.0,5.0,9.0,8.0,1.0,14.4,0.1536885245901639,0.5104,22.7,25.9,6.0,Over,Correct
Santi Aldama,PTS,16.5,2025-11-20,MEM vs SAC,MEM,SAC,Under,C Tier,0.98,-0.98,0.46747285,15.52219940182952,57.2,santi aldama,2025-11-20,22025.0,1630583.0,22500265.0,2025-11-20,MEM vs. SAC,W,28.0,11.0,18.0,0.611,5.0,11.0,0.455,2.0,3.0,0.667,0.0,5.0,5.0,3.0,0.0,2.0,1.0,0.0,29.0,28.0,1.0,Santi Aldama,MEM,santi aldama,37.0,34.0,32.0,8.0,2.0,44.5,0.7505175983436853,0.7257142857142858,57.2,50.7,29.0,Over,Incorrect
Franz Wagner,REB,6.5,2025-11-20,ORL vs LAC,ORL,LAC,Over,C Tier,0.24,0.24,0.46257454,6.739641909651608,27.8,franz wagner,2025-11-20,22025.0,1630532.0,22500264.0,2025-11-20,ORL vs. LAC,W,30.0,5.0,13.0,0.385,0.0,2.0,0.0,10.0,12.0,0.833,1.0,5.0,6.0,3.0,1.0,0.0,1.0,2.0,20.0,16.0,1.0,Franz Wagner,ORL,franz wagner,29.0,26.0,23.0,9.0,1.0,33.7,0.5470459518599562,0.6426666666666667,27.8,25.1,6.0,Under,Incorrect
De'Aaron Fox,PRA,37.5,2025-11-20,SAS vs ATL,SAS,ATL,Under,C Tier,7.3,-7.3,0.449808,30.19909321581326,55.9,deaaron fox,2025-11-20,22025.0,1628368.0,22500267.0,2025-11-20,SAS vs. ATL,W,31.0,9.0,16.0,0.563,2.0,4.0,0.5,6.0,10.0,0.6,2.0,3.0,5.0,9.0,3.0,0.0,2.0,4.0,26.0,-7.0,1.0,De'Aaron Fox,SAS,de'aaron fox,40.0,31.0,35.0,14.0,3.0,52.5,0.6372549019607844,0.7225806451612903,55.9,55.9,40.0,Over,Incorrect
Domantas Sabonis,FG3M,0.5,2025-11-20,SAC @ MEM,SAC,MEM,Over,C Tier,0.21,0.21,0.4455692,0.7140427797343971,22.7,domantas sabonis,2025-11-20,,,,,,,,,,,,,,,,,,,,,,,,,,,,,,,,,,,,,,,,,,Missing Data,
Russell Westbrook,RA,13.5,2025-11-20,SAC @ MEM,SAC,MEM,Under,C Tier,0.1,-0.1,0.44291288,13.401154406623062,22.7,russell westbrook,2025-11-20,22025.0,201566.0,22500265.0,2025-11-20,SAC @ MEM,L,21.0,4.0,10.0,0.4,2.0,6.0,0.333,1.0,2.0,0.5,1.0,6.0,7.0,4.0,0.0,0.0,4.0,3.0,11.0,-28.0,1.0,Russell Westbrook,SAC,russell westbrook,22.0,18.0,15.0,11.0,0.0,21.4,0.5055147058823529,0.7085714285714286,22.7,25.9,11.0,Under,Correct
Devin Vassell,PTS,16.5,2025-11-20,SAS vs ATL,SAS,ATL,Under,C Tier,2.02,-2.02,0.43893886,14.47637695226708,55.9,devin vassell,2025-11-20,22025.0,1630170.0,22500267.0,2025-11-20,SAS vs. ATL,W,33.0,6.0,11.0,0.545,3.0,5.0,0.6,0.0,0.0,0.0,1.0,4.0,5.0,3.0,1.0,1.0,1.0,2.0,15.0,13.0,1.0,Devin Vassell,SAS,devin vassell,23.0,20.0,18.0,8.0,2.0,30.5,0.6818181818181818,0.3636363636363636,55.9,55.9,15.0,Under,Correct
Wendell Carter Jr.,PRA,22.5,2025-11-20,ORL vs LAC,ORL,LAC,Under,C Tier,0.46,-0.46,0.43843722,22.03662164314804,27.8,wendell carter,2025-11-20,22025.0,1628976.0,22500264.0,2025-11-20,ORL vs. LAC,W,32.0,3.0,11.0,0.273,1.0,3.0,0.333,0.0,0.0,0.0,1.0,6.0,7.0,6.0,1.0,0.0,0.0,4.0,7.0,13.0,1.0,Wendell Carter Jr.,ORL,wendell carter jr.,20.0,14.0,13.0,13.0,1.0,27.4,0.3181818181818182,0.34375,27.8,25.1,20.0,Under,Correct
Ryan Rollins,REB,3.5,2025-11-20,MIL vs PHI,MIL,PHI,Over,C Tier,0.75,0.75,0.43815577,4.246498779722588,37.0,ryan rollins,2025-11-20,22025.0,1631157.0,22500266.0,2025-11-20,MIL vs. PHI,L,40.0,13.0,26.0,0.5,2.0,8.0,0.25,4.0,4.0,1.0,1.0,5.0,6.0,14.0,1.0,0.0,3.0,3.0,32.0,-15.0,1.0,Ryan Rollins,MIL,ryan rollins,52.0,38.0,46.0,20.0,1.0,60.2,0.5763688760806917,0.769,37.0,23.9,6.0,Over,Correct
Cedric Coward,FG3M,1.5,2025-11-20,MEM vs SAC,MEM,SAC,Under,C Tier,0.06,-0.06,0.43457508,1.4431595408908309,49.1,cedric coward,2025-11-20,,,,,,,,,,,,,,,,,,,,,,,,,,,,,,,,,,,,,,,,,,Missing Data,
Wendell Carter Jr.,PTS,12.5,2025-11-20,ORL vs LAC,ORL,LAC,Over,C Tier,0.07,0.07,0.43035707,12.56829880073126,27.8,wendell carter,2025-11-20,22025.0,1628976.0,22500264.0,2025-11-20,ORL vs. LAC,W,32.0,3.0,11.0,0.273,1.0,3.0,0.333,0.0,0.0,0.0,1.0,6.0,7.0,6.0,1.0,0.0,0.0,4.0,7.0,13.0,1.0,Wendell Carter Jr.,ORL,wendell carter jr.,20.0,14.0,13.0,13.0,1.0,27.4,0.3181818181818182,0.34375,27.8,25.1,7.0,Under,Incorrect
Nicolas Batum,FG3M,1.5,2025-11-20,LAC @ ORL,LAC,ORL,Under,C Tier,0.52,-0.52,0.4299032,0.9800127448603672,15.5,nicolas batum,2025-11-20,22025.0,201587.0,22500264.0,2025-11-20,LAC @ ORL,L,9.0,1.0,1.0,1.0,1.0,1.0,1.0,0.0,0.0,0.0,0.0,2.0,2.0,0.0,1.0,0.0,1.0,1.0,3.0,-4.0,1.0,Nicolas Batum,LAC,nicolas batum,5.0,5.0,3.0,2.0,1.0,7.4,1.5,0.2222222222222222,15.5,21.3,1.0,Under,Correct
Gary Trent Jr.,AST,2.5,2025-11-20,MIL vs PHI,MIL,PHI,Under,C Tier,0.24,-0.24,0.41975552,2.2566131421676805,37.0,gary trent,2025-11-20,22025.0,1629018.0,22500266.0,2025-11-20,MIL vs. PHI,L,38.0,4.0,10.0,0.4,3.0,7.0,0.429,0.0,0.0,0.0,0.0,0.0,0.0,2.0,1.0,0.0,2.0,1.0,11.0,5.0,1.0,Gary Trent Jr.,MIL,gary trent jr.,13.0,11.0,13.0,2.0,1.0,15.0,0.55,0.3157894736842105,37.0,23.9,2.0,Under,Correct
Julian Champagnie,PRA,15.5,2025-11-20,SAS vs ATL,SAS,ATL,Under,C Tier,1.19,-1.19,0.41464138,14.311411194436722,55.9,julian champagnie,2025-11-20,22025.0,1630577.0,22500267.0,2025-11-20,SAS vs. ATL,W,31.0,7.0,13.0,0.538,5.0,10.0,0.5,1.0,1.0,1.0,0.0,4.0,4.0,5.0,0.0,1.0,1.0,4.0,20.0,15.0,1.0,Julian Champagnie,SAS,julian champagnie,29.0,24.0,25.0,9.0,1.0,34.3,0.7440476190476191,0.4658064516129032,55.9,55.9,29.0,Over,Incorrect
Zach Edey,FG3M,0.5,2025-11-20,MEM vs SAC,MEM,SAC,Over,C Tier,0.47,0.47,0.41218522,0.9680847810602258,57.2,zach edey,2025-11-20,22025.0,1641744.0,22500265.0,2025-11-20,MEM vs. SAC,W,25.0,7.0,7.0,1.0,1.0,1.0,1.0,1.0,1.0,1.0,2.0,2.0,4.0,0.0,2.0,0.0,0.0,1.0,16.0,23.0,1.0,Zach Edey,MEM,zach edey,20.0,20.0,16.0,4.0,2.0,26.8,1.075268817204301,0.2976,57.2,50.7,1.0,Over,Correct
Tyrese Maxey,AST,6.5,2025-11-20,PHI @ MIL,PHI,MIL,Over,C Tier,0.02,0.02,0.4110816,6.520916346406616,26.5,tyrese maxey,2025-11-20,22025.0,1630178.0,22500266.0,2025-11-20,PHI @ MIL,W,47.0,18.0,30.0,0.6,6.0,15.0,0.4,12.0,14.0,0.857,0.0,5.0,5.0,9.0,3.0,3.0,5.0,3.0,54.0,18.0,1.0,Tyrese Maxey,PHI,tyrese maxey,68.0,59.0,63.0,14.0,6.0,86.5,0.7466814159292036,0.8757446808510637,26.5,42.2,9.0,Over,Correct
Franz Wagner,RA,10.5,2025-11-20,ORL vs LAC,ORL,LAC,Over,C Tier,0.52,0.52,0.41061547,11.021606520048833,27.8,franz wagner,2025-11-20,22025.0,1630532.0,22500264.0,2025-11-20,ORL vs. LAC,W,30.0,5.0,13.0,0.385,0.0,2.0,0.0,10.0,12.0,0.833,1.0,5.0,6.0,3.0,1.0,0.0,1.0,2.0,20.0,16.0,1.0,Franz Wagner,ORL,franz wagner,29.0,26.0,23.0,9.0,1.0,33.7,0.5470459518599562,0.6426666666666667,27.8,25.1,9.0,Under,Incorrect
Dominick Barlow,REB,4.5,2025-11-20,PHI @ MIL,PHI,MIL,Over,C Tier,1.07,1.07,0.40977544,5.572382942874747,26.5,dominick barlow,2025-11-20,22025.0,1631230.0,22500266.0,2025-11-20,PHI @ MIL,W,29.0,1.0,1.0,1.0,0.0,0.0,0.0,0.0,0.0,0.0,3.0,3.0,6.0,3.0,0.0,2.0,0.0,0.0,2.0,16.0,1.0,Dominick Barlow,PHI,dominick barlow,11.0,8.0,5.0,9.0,2.0,19.7,1.0,0.0344827586206896,26.5,42.2,6.0,Over,Correct
Luke Kornet,PTS,9.5,2025-11-20,SAS vs ATL,SAS,ATL,Under,C Tier,0.35,-0.35,0.4002903,9.14559492142949,55.9,luke kornet,2025-11-20,22025.0,1628436.0,22500267.0,2025-11-20,SAS vs. ATL,W,23.0,2.0,4.0,0.5,0.0,0.0,0.0,1.0,2.0,0.5,1.0,2.0,3.0,2.0,0.0,0.0,1.0,0.0,5.0,2.0,1.0,Luke Kornet,SAS,luke kornet,10.0,8.0,7.0,5.0,0.0,10.6,0.5122950819672131,0.2556521739130434,55.9,55.9,5.0,Under,Correct
Franz Wagner,PTS,23.5,2025-11-20,ORL vs LAC,ORL,LAC,Under,C Tier,0.17,-0.17,0.39685357,23.32674869083704,27.8,franz wagner,2025-11-20,22025.0,1630532.0,22500264.0,2025-11-20,ORL vs. LAC,W,30.0,5.0,13.0,0.385,0.0,2.0,0.0,10.0,12.0,0.833,1.0,5.0,6.0,3.0,1.0,0.0,1.0,2.0,20.0,16.0,1.0,Franz Wagner,ORL,franz wagner,29.0,26.0,23.0,9.0,1.0,33.7,0.5470459518599562,0.6426666666666667,27.8,25.1,20.0,Under,Correct
Malik Monk,REB,2.5,2025-11-20,SAC @ MEM,SAC,MEM,Under,C Tier,0.26,-0.26,0.38739824,2.235521179370332,22.7,malik monk,2025-11-20,22025.0,1628370.0,22500265.0,2025-11-20,SAC @ MEM,L,14.0,1.0,4.0,0.25,0.0,1.0,0.0,0.0,0.0,0.0,1.0,1.0,2.0,2.0,0.0,1.0,1.0,2.0,2.0,-13.0,1.0,Malik Monk,SAC,malik monk,6.0,4.0,4.0,4.0,1.0,9.4,0.25,0.3571428571428571,22.7,25.9,2.0,Under,Correct
Zach Edey,PTS,12.5,2025-11-20,MEM vs SAC,MEM,SAC,Over,C Tier,0.1,0.1,0.38711575,12.600022780190075,57.2,zach edey,2025-11-20,22025.0,1641744.0,22500265.0,2025-11-20,MEM vs. SAC,W,25.0,7.0,7.0,1.0,1.0,1.0,1.0,1.0,1.0,1.0,2.0,2.0,4.0,0.0,2.0,0.0,0.0,1.0,16.0,23.0,1.0,Zach Edey,MEM,zach edey,20.0,20.0,16.0,4.0,2.0,26.8,1.075268817204301,0.2976,57.2,50.7,16.0,Over,Correct
Myles Turner,FG3M,2.5,2025-11-20,MIL vs PHI,MIL,PHI,Under,C Tier,0.57,-0.57,0.3846922,1.931690540759282,37.0,myles turner,2025-11-20,22025.0,1626167.0,22500266.0,2025-11-20,MIL vs. PHI,L,28.0,5.0,13.0,0.385,3.0,9.0,0.333,1.0,2.0,0.5,1.0,9.0,10.0,1.0,0.0,0.0,0.0,2.0,14.0,1.0,1.0,Myles Turner,MIL,myles turner,25.0,24.0,15.0,11.0,0.0,27.5,0.5043227665706052,0.4957142857142857,37.0,23.9,3.0,Over,Incorrect
Paul George,PTS,10.5,2025-11-20,PHI @ MIL,PHI,MIL,Over,C Tier,3.97,3.97,0.37941748,14.471418878872893,26.5,paul george,2025-11-20,22025.0,202331.0,22500266.0,2025-11-20,PHI @ MIL,W,25.0,7.0,12.0,0.583,4.0,7.0,0.571,3.0,4.0,0.75,0.0,5.0,5.0,3.0,2.0,0.0,3.0,0.0,21.0,3.0,1.0,Paul George,PHI,paul george,29.0,26.0,24.0,8.0,2.0,34.5,0.7630813953488372,0.6703999999999999,26.5,42.2,21.0,Over,Correct
Dennis Schröder,RA,8.5,2025-11-20,SAC @ MEM,SAC,MEM,Over,C Tier,0.52,0.52,0.3786405,9.015352697776157,22.7,dennis schroder,2025-11-20,22025.0,203471.0,22500265.0,2025-11-20,SAC @ MEM,L,25.0,0.0,8.0,0.0,0.0,4.0,0.0,3.0,4.0,0.75,1.0,1.0,2.0,6.0,0.0,1.0,3.0,2.0,3.0,-16.0,1.0,Dennis Schröder,SAC,dennis schroder,11.0,5.0,9.0,8.0,1.0,14.4,0.1536885245901639,0.5104,22.7,25.9,8.0,Under,Incorrect
Zaccharie Risacher,REB,2.5,2025-11-20,ATL @ SAS,ATL,SAS,Over,C Tier,0.24,0.24,0.37849393,2.744672819315738,0.0,zaccharie risacher,2025-11-20,22025.0,1642258.0,22500267.0,2025-11-20,ATL @ SAS,L,21.0,1.0,10.0,0.1,0.0,5.0,0.0,0.0,0.0,0.0,1.0,1.0,2.0,1.0,0.0,0.0,1.0,3.0,2.0,2.0,1.0,Zaccharie Risacher,ATL,zaccharie risacher,5.0,4.0,3.0,3.0,0.0,4.9,0.1,0.5238095238095238,0.0,0.0,2.0,Under,Incorrect
Zach LaVine,PRA,24.5,2025-11-20,SAC @ MEM,SAC,MEM,Over,C Tier,0.2,0.2,0.36351383,24.70427378964363,22.7,zach lavine,2025-11-20,22025.0,203897.0,22500265.0,2025-11-20,SAC @ MEM,L,26.0,10.0,17.0,0.588,4.0,8.0,0.5,2.0,2.0,1.0,0.0,2.0,2.0,2.0,1.0,0.0,3.0,2.0,26.0,-22.0,1.0,Zach LaVine,SAC,zach lavine,30.0,28.0,28.0,4.0,1.0,31.4,0.727069351230425,0.803076923076923,22.7,25.9,30.0,Over,Correct
Paul George,REB,4.5,2025-11-20,PHI @ MIL,PHI,MIL,Over,C Tier,1.12,1.12,0.3596818,5.620566128848517,26.5,paul george,2025-11-20,22025.0,202331.0,22500266.0,2025-11-20,PHI @ MIL,W,25.0,7.0,12.0,0.583,4.0,7.0,0.571,3.0,4.0,0.75,0.0,5.0,5.0,3.0,2.0,0.0,3.0,0.0,21.0,3.0,1.0,Paul George,PHI,paul george,29.0,26.0,24.0,8.0,2.0,34.5,0.7630813953488372,0.6703999999999999,26.5,42.2,5.0,Over,Correct
Jalen Suggs,RA,9.5,2025-11-20,ORL vs LAC,ORL,LAC,Over,C Tier,0.35,0.35,0.3537707,9.85420342354232,27.8,jalen suggs,2025-11-20,22025.0,1630591.0,22500264.0,2025-11-20,ORL vs. LAC,W,26.0,8.0,15.0,0.533,5.0,9.0,0.556,2.0,2.0,1.0,1.0,2.0,3.0,7.0,2.0,2.0,3.0,1.0,23.0,12.0,1.0,Jalen Suggs,ORL,jalen suggs,33.0,26.0,30.0,10.0,4.0,46.1,0.7241813602015112,0.7261538461538463,27.8,25.1,10.0,Over,Correct
VJ Edgecombe,RA,9.5,2025-11-20,PHI @ MIL,PHI,MIL,Under,C Tier,0.25,-0.25,0.35274118,9.246243407050589,0.0,vj edgecombe,2025-11-20,,,,,,,,,,,,,,,,,,,,,,,,,,,,,,,,,,,,,,,,,,Missing Data,
Wendell Carter Jr.,RA,10.5,2025-11-20,ORL vs LAC,ORL,LAC,Under,C Tier,0.3,-0.3,0.34873515,10.195999992356118,27.8,wendell carter,2025-11-20,22025.0,1628976.0,22500264.0,2025-11-20,ORL vs. LAC,W,32.0,3.0,11.0,0.273,1.0,3.0,0.333,0.0,0.0,0.0,1.0,6.0,7.0,6.0,1.0,0.0,0.0,4.0,7.0,13.0,1.0,Wendell Carter Jr.,ORL,wendell carter jr.,20.0,14.0,13.0,13.0,1.0,27.4,0.3181818181818182,0.34375,27.8,25.1,13.0,Over,Incorrect
Myles Turner,AST,1.5,2025-11-20,MIL vs PHI,MIL,PHI,Over,C Tier,0.66,0.66,0.34282306,2.1579772842803098,37.0,myles turner,2025-11-20,22025.0,1626167.0,22500266.0,2025-11-20,MIL vs. PHI,L,28.0,5.0,13.0,0.385,3.0,9.0,0.333,1.0,2.0,0.5,1.0,9.0,10.0,1.0,0.0,0.0,0.0,2.0,14.0,1.0,1.0,Myles Turner,MIL,myles turner,25.0,24.0,15.0,11.0,0.0,27.5,0.5043227665706052,0.4957142857142857,37.0,23.9,1.0,Under,Incorrect
Nicolas Batum,PTS,4.5,2025-11-20,LAC @ ORL,LAC,ORL,Over,C Tier,1.76,1.76,0.34205464,6.264558546241614,15.5,nicolas batum,2025-11-20,22025.0,201587.0,22500264.0,2025-11-20,LAC @ ORL,L,9.0,1.0,1.0,1.0,1.0,1.0,1.0,0.0,0.0,0.0,0.0,2.0,2.0,0.0,1.0,0.0,1.0,1.0,3.0,-4.0,1.0,Nicolas Batum,LAC,nicolas batum,5.0,5.0,3.0,2.0,1.0,7.4,1.5,0.2222222222222222,15.5,21.3,3.0,Under,Incorrect
Santi Aldama,REB,6.5,2025-11-20,MEM vs SAC,MEM,SAC,Over,C Tier,0.12,0.12,0.3405258,6.617441490369216,57.2,santi aldama,2025-11-20,22025.0,1630583.0,22500265.0,2025-11-20,MEM vs. SAC,W,28.0,11.0,18.0,0.611,5.0,11.0,0.455,2.0,3.0,0.667,0.0,5.0,5.0,3.0,0.0,2.0,1.0,0.0,29.0,28.0,1.0,Santi Aldama,MEM,santi aldama,37.0,34.0,32.0,8.0,2.0,44.5,0.7505175983436853,0.7257142857142858,57.2,50.7,5.0,Under,Incorrect
Desmond Bane,FG3M,2.5,2025-11-20,ORL vs LAC,ORL,LAC,Under,C Tier,0.82,-0.82,0.33938652,1.6794413529199788,27.8,desmond bane,2025-11-20,22025.0,1630217.0,22500264.0,2025-11-20,ORL vs. LAC,W,31.0,5.0,15.0,0.333,3.0,6.0,0.5,2.0,2.0,1.0,1.0,6.0,7.0,5.0,1.0,0.0,2.0,0.0,15.0,13.0,1.0,Desmond Bane,ORL,desmond bane,27.0,22.0,20.0,12.0,1.0,31.9,0.4722921914357682,0.5767741935483872,27.8,25.1,3.0,Over,Incorrect
Zach LaVine,AST,2.5,2025-11-20,SAC @ MEM,SAC,MEM,Over,C Tier,0.34,0.34,0.33494154,2.840581482093189,22.7,zach lavine,2025-11-20,22025.0,203897.0,22500265.0,2025-11-20,SAC @ MEM,L,26.0,10.0,17.0,0.588,4.0,8.0,0.5,2.0,2.0,1.0,0.0,2.0,2.0,2.0,1.0,0.0,3.0,2.0,26.0,-22.0,1.0,Zach LaVine,SAC,zach lavine,30.0,28.0,28.0,4.0,1.0,31.4,0.727069351230425,0.803076923076923,22.7,25.9,2.0,Under,Incorrect
Jalen Johnson,FG3M,1.5,2025-11-20,ATL @ SAS,ATL,SAS,Over,C Tier,0.12,0.12,0.33166435,1.6207079563275475,0.0,jalen johnson,2025-11-20,22025.0,1630552.0,22500267.0,2025-11-20,ATL @ SAS,L,38.0,10.0,15.0,0.667,2.0,3.0,0.667,4.0,6.0,0.667,0.0,12.0,12.0,7.0,1.0,0.0,4.0,3.0,26.0,-1.0,1.0,Jalen Johnson,ATL,jalen johnson,45.0,38.0,33.0,19.0,1.0,49.9,0.7369614512471655,0.5694736842105264,0.0,0.0,2.0,Over,Correct
Tristan da Silva,FG3M,1.5,2025-11-20,ORL vs LAC,ORL,LAC,Over,C Tier,0.31,0.31,0.32630953,1.8111282720976083,27.8,tristan da silva,2025-11-20,22025.0,1641783.0,22500264.0,2025-11-20,ORL vs. LAC,W,30.0,7.0,17.0,0.412,3.0,6.0,0.5,0.0,0.0,0.0,3.0,5.0,8.0,1.0,0.0,0.0,0.0,2.0,17.0,20.0,1.0,Tristan da Silva,ORL,tristan da silva,26.0,25.0,18.0,9.0,0.0,28.1,0.5,0.5666666666666667,27.8,25.1,3.0,Over,Correct
Jeremy Sochan,PTS,8.5,2025-11-20,SAS vs ATL,SAS,ATL,Under,C Tier,0.49,-0.49,0.3262393,8.006672711240773,55.9,jeremy sochan,2025-11-20,22025.0,1631110.0,22500267.0,2025-11-20,SAS vs. ATL,W,22.0,3.0,10.0,0.3,0.0,5.0,0.0,2.0,2.0,1.0,0.0,5.0,5.0,5.0,1.0,1.0,0.0,1.0,8.0,0.0,1.0,Jeremy Sochan,SAS,jeremy sochan,18.0,13.0,13.0,10.0,2.0,27.5,0.3676470588235294,0.4945454545454545,55.9,55.9,8.0,Under,Correct
Russell Westbrook,REB,6.5,2025-11-20,SAC @ MEM,SAC,MEM,Under,C Tier,0.27,-0.27,0.32615852,6.225712803982725,22.7,russell westbrook,2025-11-20,22025.0,201566.0,22500265.0,2025-11-20,SAC @ MEM,L,21.0,4.0,10.0,0.4,2.0,6.0,0.333,1.0,2.0,0.5,1.0,6.0,7.0,4.0,0.0,0.0,4.0,3.0,11.0,-28.0,1.0,Russell Westbrook,SAC,russell westbrook,22.0,18.0,15.0,11.0,0.0,21.4,0.5055147058823529,0.7085714285714286,22.7,25.9,7.0,Over,Incorrect
Nickeil Alexander-Walker,PRA,24.5,2025-11-20,ATL @ SAS,ATL,SAS,Over,C Tier,1.39,1.39,0.31446555,25.89155307716263,0.0,nickeil alexanderwalker,2025-11-20,22025.0,1629638.0,22500267.0,2025-11-20,ATL @ SAS,L,34.0,13.0,17.0,0.765,8.0,10.0,0.8,4.0,4.0,1.0,1.0,3.0,4.0,5.0,0.0,3.0,2.0,3.0,38.0,-7.0,1.0,Nickeil Alexander-Walker,ATL,nickeil alexander-walker,47.0,42.0,43.0,9.0,3.0,57.3,1.012793176972281,0.6105882352941177,0.0,0.0,47.0,Over,Correct
DeMar DeRozan,RA,7.5,2025-11-20,SAC @ MEM,SAC,MEM,Over,C Tier,0.75,0.75,0.3141982,8.24682847764566,22.7,demar derozan,2025-11-20,22025.0,201942.0,22500265.0,2025-11-20,SAC @ MEM,L,15.0,2.0,3.0,0.667,0.0,0.0,0.0,3.0,3.0,1.0,0.0,0.0,0.0,2.0,1.0,0.0,0.0,4.0,7.0,-22.0,1.0,DeMar DeRozan,SAC,demar derozan,9.0,7.0,9.0,2.0,1.0,13.0,0.8101851851851851,0.288,22.7,25.9,2.0,Under,Incorrect
Joel Embiid,AST,2.5,2025-11-20,PHI @ MIL,PHI,MIL,Over,C Tier,1.16,1.16,0.31155276,3.661673081993869,0.0,joel embiid,2025-11-20,,,,,,,,,,,,,,,,,,,,,,,,,,,,,,,,,,,,,,,,,,Missing Data,
Kris Dunn,FG3M,0.5,2025-11-20,LAC @ ORL,LAC,ORL,Over,C Tier,0.06,0.06,0.30773947,0.5604518277191748,15.5,kris dunn,2025-11-20,22025.0,1627739.0,22500264.0,2025-11-20,LAC @ ORL,L,25.0,2.0,5.0,0.4,0.0,1.0,0.0,0.0,0.0,0.0,0.0,3.0,3.0,3.0,1.0,0.0,1.0,1.0,4.0,-16.0,1.0,Kris Dunn,LAC,kris dunn,10.0,7.0,7.0,6.0,1.0,14.1,0.4,0.24,15.5,21.3,0.0,Under,Incorrect
Cedric Coward,PTS,16.5,2025-11-20,MEM vs SAC,MEM,SAC,Under,C Tier,3.83,-3.83,0.30559087,12.67498023029052,49.1,cedric coward,2025-11-20,,,,,,,,,,,,,,,,,,,,,,,,,,,,,,,,,,,,,,,,,,Missing Data,
De'Aaron Fox,RA,11.5,2025-11-20,SAS vs ATL,SAS,ATL,Under,C Tier,1.4,-1.4,0.29747277,10.100731690891616,55.9,deaaron fox,2025-11-20,22025.0,1628368.0,22500267.0,2025-11-20,SAS vs. ATL,W,31.0,9.0,16.0,0.563,2.0,4.0,0.5,6.0,10.0,0.6,2.0,3.0,5.0,9.0,3.0,0.0,2.0,4.0,26.0,-7.0,1.0,De'Aaron Fox,SAS,de'aaron fox,40.0,31.0,35.0,14.0,3.0,52.5,0.6372549019607844,0.7225806451612903,55.9,55.9,14.0,Over,Incorrect
Devin Vassell,RA,7.5,2025-11-20,SAS vs ATL,SAS,ATL,Over,C Tier,0.12,0.12,0.29664508,7.622708845519707,55.9,devin vassell,2025-11-20,22025.0,1630170.0,22500267.0,2025-11-20,SAS vs. ATL,W,33.0,6.0,11.0,0.545,3.0,5.0,0.6,0.0,0.0,0.0,1.0,4.0,5.0,3.0,1.0,1.0,1.0,2.0,15.0,13.0,1.0,Devin Vassell,SAS,devin vassell,23.0,20.0,18.0,8.0,2.0,30.5,0.6818181818181818,0.3636363636363636,55.9,55.9,8.0,Over,Correct
Santi Aldama,PRA,25.5,2025-11-20,MEM vs SAC,MEM,SAC,Under,C Tier,1.63,-1.63,0.29597092,23.868399653305556,57.2,santi aldama,2025-11-20,22025.0,1630583.0,22500265.0,2025-11-20,MEM vs. SAC,W,28.0,11.0,18.0,0.611,5.0,11.0,0.455,2.0,3.0,0.667,0.0,5.0,5.0,3.0,0.0,2.0,1.0,0.0,29.0,28.0,1.0,Santi Aldama,MEM,santi aldama,37.0,34.0,32.0,8.0,2.0,44.5,0.7505175983436853,0.7257142857142858,57.2,50.7,37.0,Over,Incorrect
Dominick Barlow,PRA,11.5,2025-11-20,PHI @ MIL,PHI,MIL,Over,C Tier,4.8,4.8,0.29197845,16.29946645847351,26.5,dominick barlow,2025-11-20,22025.0,1631230.0,22500266.0,2025-11-20,PHI @ MIL,W,29.0,1.0,1.0,1.0,0.0,0.0,0.0,0.0,0.0,0.0,3.0,3.0,6.0,3.0,0.0,2.0,0.0,0.0,2.0,16.0,1.0,Dominick Barlow,PHI,dominick barlow,11.0,8.0,5.0,9.0,2.0,19.7,1.0,0.0344827586206896,26.5,42.2,11.0,Under,Incorrect
Ryan Rollins,RA,9.5,2025-11-20,MIL vs PHI,MIL,PHI,Under,C Tier,0.44,-0.44,0.28807896,9.058903283830103,37.0,ryan rollins,2025-11-20,22025.0,1631157.0,22500266.0,2025-11-20,MIL vs. PHI,L,40.0,13.0,26.0,0.5,2.0,8.0,0.25,4.0,4.0,1.0,1.0,5.0,6.0,14.0,1.0,0.0,3.0,3.0,32.0,-15.0,1.0,Ryan Rollins,MIL,ryan rollins,52.0,38.0,46.0,20.0,1.0,60.2,0.5763688760806917,0.769,37.0,23.9,20.0,Over,Incorrect
Devin Vassell,FG3M,2.5,2025-11-20,SAS vs ATL,SAS,ATL,Under,C Tier,0.53,-0.53,0.28702408,1.9708900945270784,55.9,devin vassell,2025-11-20,22025.0,1630170.0,22500267.0,2025-11-20,SAS vs. ATL,W,33.0,6.0,11.0,0.545,3.0,5.0,0.6,0.0,0.0,0.0,1.0,4.0,5.0,3.0,1.0,1.0,1.0,2.0,15.0,13.0,1.0,Devin Vassell,SAS,devin vassell,23.0,20.0,18.0,8.0,2.0,30.5,0.6818181818181818,0.3636363636363636,55.9,55.9,3.0,Over,Incorrect
Domantas Sabonis,REB,12.5,2025-11-20,SAC @ MEM,SAC,MEM,Under,C Tier,3.51,-3.51,0.2859077,8.990250550577175,22.7,domantas sabonis,2025-11-20,,,,,,,,,,,,,,,,,,,,,,,,,,,,,,,,,,,,,,,,,,Missing Data,
Desmond Bane,REB,4.5,2025-11-20,ORL vs LAC,ORL,LAC,Under,C Tier,0.05,-0.05,0.27893555,4.45231536935003,27.8,desmond bane,2025-11-20,22025.0,1630217.0,22500264.0,2025-11-20,ORL vs. LAC,W,31.0,5.0,15.0,0.333,3.0,6.0,0.5,2.0,2.0,1.0,1.0,6.0,7.0,5.0,1.0,0.0,2.0,0.0,15.0,13.0,1.0,Desmond Bane,ORL,desmond bane,27.0,22.0,20.0,12.0,1.0,31.9,0.4722921914357682,0.5767741935483872,27.8,25.1,7.0,Over,Incorrect
Joel Embiid,REB,6.5,2025-11-20,PHI @ MIL,PHI,MIL,Under,C Tier,0.7,-0.7,0.27365685,5.79908310610022,0.0,joel embiid,2025-11-20,,,,,,,,,,,,,,,,,,,,,,,,,,,,,,,,,,,,,,,,,,Missing Data,
Cedric Coward,REB,7.5,2025-11-20,MEM vs SAC,MEM,SAC,Under,C Tier,1.93,-1.93,0.25830567,5.570168753946262,49.1,cedric coward,2025-11-20,,,,,,,,,,,,,,,,,,,,,,,,,,,,,,,,,,,,,,,,,,Missing Data,
Cedric Coward,PRA,26.5,2025-11-20,MEM vs SAC,MEM,SAC,Under,C Tier,4.03,-4.03,0.25317115,22.469169772205326,49.1,cedric coward,2025-11-20,,,,,,,,,,,,,,,,,,,,,,,,,,,,,,,,,,,,,,,,,,Missing Data,
Jalen Johnson,PRA,38.5,2025-11-20,ATL @ SAS,ATL,SAS,Over,C Tier,1.24,1.24,0.24475256,39.74349048679472,0.0,jalen johnson,2025-11-20,22025.0,1630552.0,22500267.0,2025-11-20,ATL @ SAS,L,38.0,10.0,15.0,0.667,2.0,3.0,0.667,4.0,6.0,0.667,0.0,12.0,12.0,7.0,1.0,0.0,4.0,3.0,26.0,-1.0,1.0,Jalen Johnson,ATL,jalen johnson,45.0,38.0,33.0,19.0,1.0,49.9,0.7369614512471655,0.5694736842105264,0.0,0.0,45.0,Over,Correct
Goga Bitadze,REB,4.5,2025-11-20,ORL vs LAC,ORL,LAC,Over,C Tier,0.48,0.48,0.24204333,4.975728112914642,27.8,goga bitadze,2025-11-20,22025.0,1629048.0,22500264.0,2025-11-20,ORL vs. LAC,W,16.0,3.0,3.0,1.0,0.0,0.0,0.0,4.0,4.0,1.0,1.0,5.0,6.0,3.0,2.0,0.0,1.0,2.0,10.0,15.0,1.0,Goga Bitadze,ORL,goga bitadze,19.0,16.0,13.0,9.0,2.0,26.7,1.050420168067227,0.36,27.8,25.1,6.0,Over,Correct
Tristan da Silva,REB,4.5,2025-11-20,ORL vs LAC,ORL,LAC,Over,C Tier,0.11,0.11,0.24119952,4.614417701818663,27.8,tristan da silva,2025-11-20,22025.0,1641783.0,22500264.0,2025-11-20,ORL vs. LAC,W,30.0,7.0,17.0,0.412,3.0,6.0,0.5,0.0,0.0,0.0,3.0,5.0,8.0,1.0,0.0,0.0,0.0,2.0,17.0,20.0,1.0,Tristan da Silva,ORL,tristan da silva,26.0,25.0,18.0,9.0,0.0,28.1,0.5,0.5666666666666667,27.8,25.1,8.0,Over,Correct
Goga Bitadze,PRA,10.5,2025-11-20,ORL vs LAC,ORL,LAC,Over,C Tier,2.24,2.24,0.22714454,12.743140456942358,27.8,goga bitadze,2025-11-20,22025.0,1629048.0,22500264.0,2025-11-20,ORL vs. LAC,W,16.0,3.0,3.0,1.0,0.0,0.0,0.0,4.0,4.0,1.0,1.0,5.0,6.0,3.0,2.0,0.0,1.0,2.0,10.0,15.0,1.0,Goga Bitadze,ORL,goga bitadze,19.0,16.0,13.0,9.0,2.0,26.7,1.050420168067227,0.36,27.8,25.1,19.0,Over,Correct
Dyson Daniels,RA,12.5,2025-11-20,ATL @ SAS,ATL,SAS,Under,C Tier,0.41,-0.41,0.21976876,12.089783238777464,0.0,dyson daniels,2025-11-20,22025.0,1630700.0,22500267.0,2025-11-20,ATL @ SAS,L,31.0,4.0,8.0,0.5,0.0,2.0,0.0,0.0,1.0,0.0,1.0,5.0,6.0,5.0,3.0,0.0,5.0,3.0,8.0,-2.0,1.0,Dyson Daniels,ATL,dyson daniels,19.0,14.0,13.0,11.0,3.0,26.7,0.4739336492890995,0.4335483870967742,0.0,0.0,11.0,Under,Correct
Ryan Rollins,FG3M,2.5,2025-11-20,MIL vs PHI,MIL,PHI,Under,C Tier,0.26,-0.26,0.20488584,2.2408336698786977,37.0,ryan rollins,2025-11-20,22025.0,1631157.0,22500266.0,2025-11-20,MIL vs. PHI,L,40.0,13.0,26.0,0.5,2.0,8.0,0.25,4.0,4.0,1.0,1.0,5.0,6.0,14.0,1.0,0.0,3.0,3.0,32.0,-15.0,1.0,Ryan Rollins,MIL,ryan rollins,52.0,38.0,46.0,20.0,1.0,60.2,0.5763688760806917,0.769,37.0,23.9,2.0,Under,Correct
Domantas Sabonis,RA,16.5,2025-11-20,SAC @ MEM,SAC,MEM,Under,C Tier,1.58,-1.58,0.20420718,14.92452706191514,22.7,domantas sabonis,2025-11-20,,,,,,,,,,,,,,,,,,,,,,,,,,,,,,,,,,,,,,,,,,Missing Data,
Paul George,AST,2.5,2025-11-20,PHI @ MIL,PHI,MIL,Over,C Tier,0.86,0.86,0.19953589,3.355004791810847,26.5,paul george,2025-11-20,22025.0,202331.0,22500266.0,2025-11-20,PHI @ MIL,W,25.0,7.0,12.0,0.583,4.0,7.0,0.571,3.0,4.0,0.75,0.0,5.0,5.0,3.0,2.0,0.0,3.0,0.0,21.0,3.0,1.0,Paul George,PHI,paul george,29.0,26.0,24.0,8.0,2.0,34.5,0.7630813953488372,0.6703999999999999,26.5,42.2,3.0,Over,Correct
Nicolas Batum,PRA,9.5,2025-11-20,LAC @ ORL,LAC,ORL,Over,C Tier,2.15,2.15,0.19560577,11.650222525083167,15.5,nicolas batum,2025-11-20,22025.0,201587.0,22500264.0,2025-11-20,LAC @ ORL,L,9.0,1.0,1.0,1.0,1.0,1.0,1.0,0.0,0.0,0.0,0.0,2.0,2.0,0.0,1.0,0.0,1.0,1.0,3.0,-4.0,1.0,Nicolas Batum,LAC,nicolas batum,5.0,5.0,3.0,2.0,1.0,7.4,1.5,0.2222222222222222,15.5,21.3,5.0,Under,Incorrect
Domantas Sabonis,PRA,35.5,2025-11-20,SAC @ MEM,SAC,MEM,Under,C Tier,4.66,-4.66,0.1954484,30.8352851754198,22.7,domantas sabonis,2025-11-20,,,,,,,,,,,,,,,,,,,,,,,,,,,,,,,,,,,,,,,,,,Missing Data,
Dominick Barlow,FG3M,0.5,2025-11-20,PHI @ MIL,PHI,MIL,Over,C Tier,0.19,0.19,0.17770545,0.685731985127471,26.5,dominick barlow,2025-11-20,22025.0,1631230.0,22500266.0,2025-11-20,PHI @ MIL,W,29.0,1.0,1.0,1.0,0.0,0.0,0.0,0.0,0.0,0.0,3.0,3.0,6.0,3.0,0.0,2.0,0.0,0.0,2.0,16.0,1.0,Dominick Barlow,PHI,dominick barlow,11.0,8.0,5.0,9.0,2.0,19.7,1.0,0.0344827586206896,26.5,42.2,0.0,Under,Incorrect
Russell Westbrook,PRA,27.5,2025-11-20,SAC @ MEM,SAC,MEM,Over,C Tier,0.29,0.29,0.1753434,27.78873304914981,22.7,russell westbrook,2025-11-20,22025.0,201566.0,22500265.0,2025-11-20,SAC @ MEM,L,21.0,4.0,10.0,0.4,2.0,6.0,0.333,1.0,2.0,0.5,1.0,6.0,7.0,4.0,0.0,0.0,4.0,3.0,11.0,-28.0,1.0,Russell Westbrook,SAC,russell westbrook,22.0,18.0,15.0,11.0,0.0,21.4,0.5055147058823529,0.7085714285714286,22.7,25.9,22.0,Under,Incorrect
Jalen Johnson,PTS,22.5,2025-11-20,ATL @ SAS,ATL,SAS,Over,C Tier,0.31,0.31,0.16011383,22.809385480750436,0.0,jalen johnson,2025-11-20,22025.0,1630552.0,22500267.0,2025-11-20,ATL @ SAS,L,38.0,10.0,15.0,0.667,2.0,3.0,0.667,4.0,6.0,0.667,0.0,12.0,12.0,7.0,1.0,0.0,4.0,3.0,26.0,-1.0,1.0,Jalen Johnson,ATL,jalen johnson,45.0,38.0,33.0,19.0,1.0,49.9,0.7369614512471655,0.5694736842105264,0.0,0.0,26.0,Over,Correct
Tyrese Maxey,RA,11.5,2025-11-20,PHI @ MIL,PHI,MIL,Under,C Tier,0.01,-0.01,0.15620679,11.485796847548803,26.5,tyrese maxey,2025-11-20,22025.0,1630178.0,22500266.0,2025-11-20,PHI @ MIL,W,47.0,18.0,30.0,0.6,6.0,15.0,0.4,12.0,14.0,0.857,0.0,5.0,5.0,9.0,3.0,3.0,5.0,3.0,54.0,18.0,1.0,Tyrese Maxey,PHI,tyrese maxey,68.0,59.0,63.0,14.0,6.0,86.5,0.7466814159292036,0.8757446808510637,26.5,42.2,14.0,Over,Incorrect
AJ Green,PRA,14.5,2025-11-20,MIL vs PHI,MIL,PHI,Over,C Tier,1.19,1.19,0.14025779,15.693666340552872,37.0,aj green,2025-11-20,22025.0,1631260.0,22500266.0,2025-11-20,MIL vs. PHI,L,36.0,3.0,5.0,0.6,3.0,5.0,0.6,0.0,0.0,0.0,0.0,6.0,6.0,0.0,1.0,0.0,2.0,2.0,9.0,-3.0,1.0,AJ Green,MIL,aj green,15.0,15.0,9.0,6.0,1.0,17.2,0.9,0.1944444444444444,37.0,23.9,15.0,Over,Correct
Zaccharie Risacher,AST,1.5,2025-11-20,ATL @ SAS,ATL,SAS,Over,C Tier,0.26,0.26,0.13865669,1.760823597593348,0.0,zaccharie risacher,2025-11-20,22025.0,1642258.0,22500267.0,2025-11-20,ATL @ SAS,L,21.0,1.0,10.0,0.1,0.0,5.0,0.0,0.0,0.0,0.0,1.0,1.0,2.0,1.0,0.0,0.0,1.0,3.0,2.0,2.0,1.0,Zaccharie Risacher,ATL,zaccharie risacher,5.0,4.0,3.0,3.0,0.0,4.9,0.1,0.5238095238095238,0.0,0.0,1.0,Under,Incorrect
Quentin Grimes,REB,3.5,2025-11-20,PHI @ MIL,PHI,MIL,Under,C Tier,0.05,-0.05,0.13803649,3.4523229082948426,26.5,quentin grimes,2025-11-20,22025.0,1629656.0,22500266.0,2025-11-20,PHI @ MIL,W,39.0,4.0,12.0,0.333,3.0,9.0,0.333,3.0,4.0,0.75,0.0,4.0,4.0,4.0,0.0,0.0,1.0,0.0,14.0,8.0,1.0,Quentin Grimes,PHI,quentin grimes,22.0,18.0,18.0,8.0,0.0,23.8,0.5087209302325582,0.3784615384615384,26.5,42.2,4.0,Over,Incorrect
VJ Edgecombe,PRA,24.5,2025-11-20,PHI @ MIL,PHI,MIL,Under,C Tier,2.15,-2.15,0.1309061,22.346060994446468,0.0,vj edgecombe,2025-11-20,,,,,,,,,,,,,,,,,,,,,,,,,,,,,,,,,,,,,,,,,,Missing Data,
Jaylen Wells,AST,1.5,2025-11-20,MEM vs SAC,MEM,SAC,Over,C Tier,0.31,0.31,0.11814648,1.8135996208542071,57.2,jaylen wells,2025-11-20,22025.0,1642377.0,22500265.0,2025-11-20,MEM vs. SAC,W,19.0,4.0,9.0,0.444,2.0,5.0,0.4,3.0,4.0,0.75,0.0,1.0,1.0,2.0,1.0,0.0,0.0,3.0,13.0,13.0,1.0,Jaylen Wells,MEM,jaylen wells,16.0,14.0,15.0,3.0,1.0,20.2,0.604089219330855,0.5663157894736842,57.2,50.7,2.0,Over,Correct
John Collins,FG3M,0.5,2025-11-20,LAC @ ORL,LAC,ORL,Over,C Tier,0.19,0.19,0.10891101,0.6921633974957284,15.5,john collins,2025-11-20,22025.0,1628381.0,22500264.0,2025-11-20,LAC @ ORL,L,25.0,4.0,8.0,0.5,0.0,1.0,0.0,1.0,2.0,0.5,0.0,4.0,4.0,0.0,1.0,1.0,1.0,2.0,9.0,-18.0,1.0,John Collins,LAC,john collins,13.0,13.0,9.0,4.0,2.0,18.8,0.5067567567567567,0.3952,15.5,21.3,0.0,Under,Incorrect
VJ Edgecombe,REB,5.5,2025-11-20,PHI @ MIL,PHI,MIL,Under,C Tier,0.7,-0.7,0.09071922,4.801972371706231,0.0,vj edgecombe,2025-11-20,,,,,,,,,,,,,,,,,,,,,,,,,,,,,,,,,,,,,,,,,,Missing Data,
Tristan da Silva,AST,1.5,2025-11-20,ORL vs LAC,ORL,LAC,Over,C Tier,0.03,0.03,0.08906642,1.526898475559627,27.8,tristan da silva,2025-11-20,22025.0,1641783.0,22500264.0,2025-11-20,ORL vs. LAC,W,30.0,7.0,17.0,0.412,3.0,6.0,0.5,0.0,0.0,0.0,3.0,5.0,8.0,1.0,0.0,0.0,0.0,2.0,17.0,20.0,1.0,Tristan da Silva,ORL,tristan da silva,26.0,25.0,18.0,9.0,0.0,28.1,0.5,0.5666666666666667,27.8,25.1,1.0,Under,Incorrect
Nickeil Alexander-Walker,PTS,18.5,2025-11-20,ATL @ SAS,ATL,SAS,Over,C Tier,0.35,0.35,0.085049815,18.854272856881774,0.0,nickeil alexanderwalker,2025-11-20,22025.0,1629638.0,22500267.0,2025-11-20,ATL @ SAS,L,34.0,13.0,17.0,0.765,8.0,10.0,0.8,4.0,4.0,1.0,1.0,3.0,4.0,5.0,0.0,3.0,2.0,3.0,38.0,-7.0,1.0,Nickeil Alexander-Walker,ATL,nickeil alexander-walker,47.0,42.0,43.0,9.0,3.0,57.3,1.012793176972281,0.6105882352941177,0.0,0.0,38.0,Over,Correct
Zach Edey,AST,1.5,2025-11-20,MEM vs SAC,MEM,SAC,Over,C Tier,0.25,0.25,0.08503048,1.7466930232503448,57.2,zach edey,2025-11-20,22025.0,1641744.0,22500265.0,2025-11-20,MEM vs. SAC,W,25.0,7.0,7.0,1.0,1.0,1.0,1.0,1.0,1.0,1.0,2.0,2.0,4.0,0.0,2.0,0.0,0.0,1.0,16.0,23.0,1.0,Zach Edey,MEM,zach edey,20.0,20.0,16.0,4.0,2.0,26.8,1.075268817204301,0.2976,57.2,50.7,0.0,Under,Incorrect
Bogdan Bogdanović,AST,2.5,2025-11-20,LAC @ ORL,LAC,ORL,Over,C Tier,0.33,0.33,0.08145714,2.8281615233099187,15.5,bogdan bogdanovic,2025-11-20,22025.0,203992.0,22500264.0,2025-11-20,LAC @ ORL,L,21.0,2.0,9.0,0.222,2.0,6.0,0.333,0.0,0.0,0.0,1.0,0.0,1.0,3.0,0.0,0.0,1.0,2.0,6.0,-7.0,1.0,Bogdan Bogdanović,LAC,bogdan bogdanovic,10.0,7.0,9.0,4.0,0.0,10.7,0.3333333333333333,0.4761904761904761,15.5,21.3,3.0,Over,Correct
Franz Wagner,PRA,34.5,2025-11-20,ORL vs LAC,ORL,LAC,Under,C Tier,0.73,-0.73,0.07838994,33.77343467872491,27.8,franz wagner,2025-11-20,22025.0,1630532.0,22500264.0,2025-11-20,ORL vs. LAC,W,30.0,5.0,13.0,0.385,0.0,2.0,0.0,10.0,12.0,0.833,1.0,5.0,6.0,3.0,1.0,0.0,1.0,2.0,20.0,16.0,1.0,Franz Wagner,ORL,franz wagner,29.0,26.0,23.0,9.0,1.0,33.7,0.5470459518599562,0.6426666666666667,27.8,25.1,29.0,Under,Correct
Jeremy Sochan,FG3M,0.5,2025-11-20,SAS vs ATL,SAS,ATL,Over,C Tier,0.17,0.17,0.06562401,0.6652748426962887,55.9,jeremy sochan,2025-11-20,22025.0,1631110.0,22500267.0,2025-11-20,SAS vs. ATL,W,22.0,3.0,10.0,0.3,0.0,5.0,0.0,2.0,2.0,1.0,0.0,5.0,5.0,5.0,1.0,1.0,0.0,1.0,8.0,0.0,1.0,Jeremy Sochan,SAS,jeremy sochan,18.0,13.0,13.0,10.0,2.0,27.5,0.3676470588235294,0.4945454545454545,55.9,55.9,0.0,Under,Incorrect
Jeremy Sochan,RA,7.5,2025-11-20,SAS vs ATL,SAS,ATL,Over,C Tier,0.3,0.3,0.05556653,7.798713439546428,55.9,jeremy sochan,2025-11-20,22025.0,1631110.0,22500267.0,2025-11-20,SAS vs. ATL,W,22.0,3.0,10.0,0.3,0.0,5.0,0.0,2.0,2.0,1.0,0.0,5.0,5.0,5.0,1.0,1.0,0.0,1.0,8.0,0.0,1.0,Jeremy Sochan,SAS,jeremy sochan,18.0,13.0,13.0,10.0,2.0,27.5,0.3676470588235294,0.4945454545454545,55.9,55.9,10.0,Over,Correct
Goga Bitadze,AST,1.5,2025-11-20,ORL vs LAC,ORL,LAC,Over,C Tier,0.05,0.05,0.04962593,1.5547670727926444,27.8,goga bitadze,2025-11-20,22025.0,1629048.0,22500264.0,2025-11-20,ORL vs. LAC,W,16.0,3.0,3.0,1.0,0.0,0.0,0.0,4.0,4.0,1.0,1.0,5.0,6.0,3.0,2.0,0.0,1.0,2.0,10.0,15.0,1.0,Goga Bitadze,ORL,goga bitadze,19.0,16.0,13.0,9.0,2.0,26.7,1.050420168067227,0.36,27.8,25.1,3.0,Over,Correct
Dyson Daniels,FG3M,0.5,2025-11-20,ATL @ SAS,ATL,SAS,Over,C Tier,0.05,0.05,0.049385976,0.5496525734251849,0.0,dyson daniels,2025-11-20,22025.0,1630700.0,22500267.0,2025-11-20,ATL @ SAS,L,31.0,4.0,8.0,0.5,0.0,2.0,0.0,0.0,1.0,0.0,1.0,5.0,6.0,5.0,3.0,0.0,5.0,3.0,8.0,-2.0,1.0,Dyson Daniels,ATL,dyson daniels,19.0,14.0,13.0,11.0,3.0,26.7,0.4739336492890995,0.4335483870967742,0.0,0.0,0.0,Under,Incorrect
Ivica Zubac,AST,1.5,2025-11-20,LAC @ ORL,LAC,ORL,Over,C Tier,0.75,0.75,0.019557167,2.2549784285120777,15.5,ivica zubac,2025-11-20,22025.0,1627826.0,22500264.0,2025-11-20,LAC @ ORL,L,32.0,7.0,16.0,0.438,0.0,0.0,0.0,0.0,0.0,0.0,5.0,14.0,19.0,0.0,0.0,0.0,1.0,2.0,14.0,-8.0,1.0,Ivica Zubac,LAC,ivica zubac,33.0,33.0,14.0,19.0,0.0,35.8,0.4375,0.53125,15.5,21.3,0.0,Under,Incorrect
Kelly Olynyk,FG3M,0.5,2025-11-20,SAS vs ATL,SAS,ATL,Over,C Tier,0.21,0.21,0.017919317,0.7147304638413954,55.9,kelly olynyk,2025-11-20,22025.0,203482.0,22500267.0,2025-11-20,SAS vs. ATL,W,13.0,2.0,4.0,0.5,1.0,2.0,0.5,3.0,4.0,0.75,1.0,1.0,2.0,0.0,1.0,0.0,1.0,1.0,8.0,-10.0,1.0,Kelly Olynyk,SAS,kelly olynyk,10.0,10.0,8.0,2.0,1.0,12.4,0.6944444444444444,0.52,55.9,55.9,1.0,Over,Correct
