Rk,Player,Age,Team,Pos,G,GS,MP,PG%,SG%,SF%,PF%,C%,OnCourt,On-Off,BadPass,LostBall,Shoot,Off.,Shoot,Off.,PGA,And1,Blkd
1,Tyrese Maxey,25,PHI,PG,15,15,610,100,0,0,0,0,4.8,17.7,21,15,13,3,44,3,288,9,15
2,Franz Wagner,24,ORL,SF,16,16,568,0,0,59,41,0,4.4,0.4,13,13,23,1,51,10,145,5,16
3,VJ Edgecombe,20,PHI,SG,15,15,560,12,85,3,0,0,2.5,3.0,14,11,30,1,17,1,154,3,10
4,Shai Gilgeous-Alexander,27,OKC,PG,16,16,535,100,0,0,0,0,19.2,13.6,18,6,14,2,65,1,269,18,10
5,Trey Murphy III,25,NOP,SF,15,15,534,0,17,66,18,0,-14.7,-5.1,19,11,15,2,22,7,111,4,11
6,Devin Booker,29,PHO,SG,15,15,530,11,63,26,1,0,5.4,-2.2,27,22,18,4,45,6,263,13,15
7,Miles Bridges,27,CHO,PF,15,15,529,0,0,5,95,0,-5.4,-6.5,18,4,14,0,25,0,138,0,8
8,Dyson Daniels,22,ATL,SG,16,16,528,0,49,50,1,0,7.3,16.5,17,13,21,2,13,5,221,4,8
9,DeMar DeRozan,36,SAC,PF,16,16,526,0,0,21,78,1,-15.7,-5.9,10,2,20,2,33,6,141,11,9
10,Desmond Bane,27,ORL,SG,16,16,525,4,88,9,0,0,2.2,-6.8,18,7,22,8,17,1,175,5,18
11,Toumani Camara,25,POR,PF,15,15,519,0,0,2,75,23,-2.8,-3.3,27,4,24,1,10,24,101,1,12
12,Evan Mobley,24,CLE,PF,15,15,515,0,0,0,42,58,4.8,2.3,15,22,27,1,46,0,153,10,8
13,Deni Avdija,25,POR,SF,15,15,510,0,21,70,9,0,1.6,11.8,21,24,35,4,59,1,195,13,16
14,Ryan Rollins,23,MIL,PG,16,15,505,88,12,0,0,0,1.4,7.3,25,13,26,0,14,0,228,3,16
15,Cooper Flagg,19,DAL,PG,15,15,505,21,77,2,0,0,-13.9,-19.2,14,11,20,1,21,2,118,6,12
16,Kon Knueppel,20,CHO,SF,15,14,502,0,7,81,13,0,-3.4,0.9,18,15,17,2,17,0,118,4,8
17,Lauri Markkanen,28,UTA,PF,14,14,502,0,0,22,68,10,-1.8,14.7,8,9,18,2,34,2,73,10,14
18,James Harden,36,LAC,PG,14,14,501,45,54,1,0,0,-5.4,4.4,38,13,12,3,51,1,281,11,14
19,Brandon Ingram,28,TOR,SF,15,15,499,0,2,79,20,0,-0.1,-14.9,17,15,22,4,36,0,144,11,18
20,Devin Vassell,25,SAS,SG,15,15,498,18,66,15,0,0,10.4,12.1,11,3,14,3,12,2,90,3,4
21,Julius Randle,31,MIN,PF,15,15,496,0,0,1,96,3,12.6,14.9,18,12,16,4,50,0,230,17,12
22,Andrew Wiggins,30,MIA,SF,15,15,496,0,29,45,26,0,-0.4,-11.8,10,16,30,2,17,2,104,4,11
23,Derrick White,31,BOS,SG,15,15,493,6,86,8,0,0,5.5,0.6,12,7,16,1,20,11,195,7,13
24,Scottie Barnes,24,TOR,PF,15,15,491,0,0,4,86,10,5.3,2.4,20,5,24,5,25,3,182,8,7
25,Mikal Bridges,29,NYK,SF,14,14,491,0,12,45,43,0,5.0,-3.8,8,3,12,0,11,2,179,4,3
26,Pascal Siakam,31,IND,PF,14,14,490,0,5,63,31,0,-8.8,9.5,13,7,20,9,52,3,173,11,6
27,Brandin Podziemski,22,GSW,SG,17,8,487,6,58,29,7,0,0.6,0.9,9,7,14,3,13,10,128,1,5
28,Wendell Carter Jr.,26,ORL,C,16,16,486,0,0,0,0,100,2.7,-4.4,10,7,29,8,27,3,79,5,9
29,Max Christie,22,DAL,SG,16,13,484,1,37,62,1,0,-3.9,7.7,10,4,19,3,12,3,96,2,7
30,Dennis Schröder,32,SAC,PG,16,12,483,100,0,0,0,0,-16.6,-7.2,19,10,14,2,16,7,222,4,15
31,Nikola Jokić,30,DEN,C,14,14,483,0,0,0,0,100,17.4,21.4,32,11,18,4,36,1,356,6,6
32,Payton Pritchard,28,BOS,PG,15,15,482,100,0,0,0,0,6.8,4.6,11,7,13,1,16,2,184,3,9
33,Duncan Robinson,31,DET,SF,15,15,482,2,44,42,12,0,6.0,-2.1,6,3,24,1,5,5,67,0,4
34,Keyonte George,22,UTA,PG,14,14,482,91,9,0,0,0,-8.2,-7.7,23,16,7,6,46,4,235,7,18
35,Jaylen Brown,29,BOS,SF,15,15,481,0,7,82,11,0,2.4,-9.0,17,20,21,9,48,2,155,14,12
36,Alperen Şengün,23,HOU,C,13,13,480,0,0,0,37,63,13.9,9.6,24,13,24,5,41,6,232,9,17
37,Myles Turner,29,MIL,C,16,16,478,0,0,0,0,100,2.9,10.6,6,7,27,5,18,1,74,3,7
38,Quentin Grimes,25,PHI,SG,15,0,477,0,44,56,0,0,5.5,10.7,15,18,16,2,27,5,153,5,6
39,Immanuel Quickley,26,TOR,PG,15,15,477,92,8,0,0,0,4.6,0.2,18,2,11,2,20,10,218,6,14
40,Donovan Mitchell,29,CLE,SG,14,14,477,39,42,19,0,0,7.9,10.4,26,16,12,3,36,1,182,7,6
41,RJ Barrett,25,TOR,SF,15,15,476,0,59,38,4,0,0.7,-11.2,14,3,25,1,38,2,136,12,19
42,Rudy Gobert,33,MIN,C,15,15,475,0,0,0,0,100,12.4,12.8,12,8,17,7,21,1,61,5,4
43,Rui Hachimura,27,LAL,PF,14,14,475,0,0,47,50,3,1.4,-4.4,7,3,11,5,15,1,41,2,6
44,Ivica Zubac,28,LAC,C,15,15,473,0,0,0,0,100,-6.4,0.7,12,9,22,6,17,1,77,6,13
45,Jalen Johnson,24,ATL,SF,14,14,472,0,0,7,93,0,0.8,-3.4,25,12,17,5,31,3,220,9,11
46,Kevin Durant,37,HOU,SF,13,13,470,0,35,61,3,0,11.7,0.8,18,16,17,4,37,0,101,10,5
47,Onyeka Okongwu,25,ATL,C,16,6,469,0,0,0,12,88,0.0,-5.2,9,6,32,8,26,1,103,8,10
48,Jimmy Butler,36,GSW,SF,15,15,469,0,16,47,37,0,5.9,13.1,15,7,10,1,54,0,183,11,9
49,Zach LaVine,30,SAC,SG,14,14,469,10,57,29,5,0,-20.3,-16.2,16,11,16,1,27,0,72,6,5
50,Amen Thompson,23,HOU,SF,13,13,466,21,69,10,0,0,14.8,12.1,14,9,14,1,24,0,170,10,18
51,Karl-Anthony Towns,30,NYK,C,14,14,465,0,0,0,0,100,8.1,7.0,8,9,23,18,48,2,113,14,17
52,P.J. Washington,27,DAL,PF,15,15,463,0,0,6,81,14,-6.5,1.1,21,12,20,2,34,2,86,11,11
53,Donte DiVincenzo,29,MIN,SG,15,15,461,37,61,2,0,0,11.1,8.8,11,9,17,2,9,5,132,4,2
54,Jaime Jaquez Jr.,24,MIA,SF,15,0,459,0,19,40,41,0,11.2,20.7,13,9,17,3,26,0,192,9,9
55,A.J. Green,26,MIL,SG,16,16,458,2,97,1,0,0,3.8,12.2,6,5,22,2,4,8,70,0,1
56,Davion Mitchell,27,MIA,PG,15,15,455,100,0,0,0,0,1.2,-5.9,16,7,21,1,11,9,278,2,6
57,Isaiah Hartenstein,27,OKC,C,16,16,454,0,0,0,0,100,16.0,2.6,15,5,16,10,23,2,120,8,6
58,Gary Trent Jr.,27,MIL,SG,16,12,453,0,24,76,0,0,-11.6,-25.1,5,3,17,4,8,7,72,2,3
59,Harrison Barnes,33,SAS,PF,15,15,452,0,0,11,86,3,4.9,-4.6,11,6,11,3,12,4,74,2,2
60,Herbert Jones,27,NOP,SF,15,15,452,0,0,26,74,1,-12.9,1.3,15,5,23,0,10,3,82,3,9
61,Ajay Mitchell,23,OKC,SG,16,5,451,6,40,43,11,0,12.7,-5.2,16,7,16,4,28,7,149,10,9
62,Russell Westbrook,37,SAC,SF,16,10,449,0,12,74,14,0,-14.1,-0.4,38,7,13,3,24,2,232,2,12
63,Jamal Murray,28,DEN,PG,13,13,448,100,0,0,0,0,10.2,-3.8,21,4,13,2,21,5,192,6,7
64,Royce O'Neale,32,PHO,SF,15,11,444,0,12,75,13,0,0.3,-14.6,14,4,17,3,2,3,108,0,2
65,Nikola Vučević,35,CHI,C,14,14,443,0,0,0,0,100,-6.0,-16.5,10,8,20,6,8,0,117,1,8
66,Cade Cunningham,24,DET,PG,12,12,441,88,12,0,0,0,7.8,2.4,34,5,26,3,44,4,284,13,13
67,Jaden McDaniels,25,MIN,PF,14,14,436,0,1,94,5,0,8.1,0.4,11,10,24,4,21,2,79,6,12
68,Jaren Jackson Jr.,26,MEM,C,15,15,435,0,0,0,41,59,-8.9,-8.6,8,6,27,16,29,4,57,8,12
69,Nickeil Alexander-Walker,27,ATL,SG,14,11,435,52,46,2,0,0,1.5,-1.3,18,9,11,1,31,14,121,7,5
70,Jarace Walker,22,IND,PF,15,9,433,0,2,31,65,2,-10.8,2.7,14,15,20,0,21,0,101,4,4
71,Austin Reaves,27,LAL,SG,12,12,433,18,36,45,0,0,8.0,12.7,25,11,15,3,43,11,203,11,8
72,Anthony Black,22,ORL,PG,16,3,432,65,35,0,0,0,1.5,-6.5,23,5,26,1,26,3,96,9,13
73,Cason Wallace,22,OKC,SG,15,15,432,9,67,21,3,0,18.4,7.7,12,4,17,0,6,0,98,1,5
74,Naji Marshall,28,DAL,SF,16,1,428,0,0,33,62,4,-10.7,-8.2,11,5,15,2,29,0,89,6,10
75,Jake LaRavia,24,LAL,PF,15,6,428,0,0,3,85,12,1.0,-4.6,13,3,19,0,20,1,80,5,5
76,Draymond Green,35,GSW,PF,15,15,425,0,0,24,57,19,10.4,20.8,32,4,24,12,7,4,211,1,7
77,Deandre Ayton,27,LAL,C,14,14,425,0,0,0,0,100,1.1,-4.5,9,13,28,6,8,0,30,3,8
78,Cedric Coward,22,MEM,SG,16,3,424,0,41,49,10,0,0.0,11.6,7,11,15,2,24,4,107,2,9
79,Michael Porter Jr.,27,BRK,SF,13,13,424,0,2,50,48,0,-10.0,5.9,9,6,10,6,24,0,96,8,9
80,Kelly Oubre Jr.,30,PHI,SF,12,12,418,0,0,60,41,0,0.5,-3.1,6,6,12,3,19,9,38,6,9
81,Grayson Allen,30,PHO,SG,13,13,417,50,40,10,0,0,5.7,-0.6,9,7,15,4,16,4,138,4,11
82,Stephon Castle,21,SAS,PG,13,13,416,74,26,0,0,0,6.1,-1.2,29,16,17,4,42,9,238,8,9
83,Victor Wembanyama,22,SAS,C,12,12,416,0,0,0,0,100,8.8,4.9,10,20,17,12,30,4,120,5,3
84,CJ McCollum,34,WAS,SG,14,14,415,53,47,0,0,0,-12.2,8.7,12,5,13,2,22,0,117,6,7
85,Giannis Antetokounmpo,31,MIL,PF,13,13,414,0,0,0,71,29,8.0,19.8,14,16,11,10,62,0,245,14,12
86,Santi Aldama,25,MEM,PF,16,1,412,0,0,5,91,4,-3.6,3.3,9,7,13,3,17,2,100,8,4
87,Julian Champagnie,24,SAS,SF,15,10,412,0,6,69,25,0,8.0,3.2,10,4,10,0,13,0,52,2,4
88,Nic Claxton,26,BRK,C,14,14,412,0,0,0,0,100,-12.8,-1.8,7,5,13,4,37,4,128,11,13
89,Josh Giddey,23,CHI,PG,12,12,410,61,39,0,0,0,-1.6,-3.4,27,10,16,2,31,3,292,3,12
90,Kyshawn George,22,WAS,SF,13,13,409,0,22,61,18,0,-14.8,1.7,15,21,28,5,16,5,147,5,11
91,Jalen Brunson,29,NYK,PG,12,12,408,100,0,0,0,0,10.0,10.5,19,8,16,3,38,12,193,11,9
92,Luka Dončić,26,LAL,PG,11,11,405,88,12,0,0,0,6.1,7.4,30,10,10,2,61,9,230,17,5
93,Stephen Curry,37,GSW,PG,13,13,401,100,0,0,0,0,2.1,4.0,13,17,16,3,31,3,131,7,5
94,Jrue Holiday,35,POR,PG,12,12,401,100,0,0,0,0,1.1,6.7,23,9,9,1,8,2,232,1,6
95,Kyle Kuzma,30,MIL,PF,15,6,400,0,0,50,50,0,0.1,2.6,7,10,27,0,28,1,71,9,9
96,Shaedon Sharpe,22,POR,SG,14,14,400,25,68,6,1,0,1.1,6.6,13,21,10,4,41,2,74,16,14
97,Jaylen Wells,22,MEM,SG,16,16,399,0,4,80,16,0,-7.1,-4.2,5,4,17,0,11,8,60,4,12
98,Jerami Grant,31,POR,PF,14,2,399,0,0,41,56,3,-5.6,-8.4,8,7,19,6,43,0,90,11,13
99,Sion James,23,CHO,SG,15,10,398,1,63,37,0,0,-1.6,4.6,5,3,10,2,9,5,56,2,7
100,Matas Buzelis,21,CHI,PF,14,14,396,0,0,0,96,4,0.6,2.1,8,17,30,1,17,1,49,4,10
101,Jeremiah Fears,19,NOP,PG,15,13,394,97,3,0,0,0,-21.2,-16.7,20,9,9,5,22,3,97,8,15
102,Jabari Smith Jr.,22,HOU,PF,12,12,394,0,0,28,70,2,14.4,7.5,2,4,23,2,12,2,51,5,8
103,Paolo Banchero,23,ORL,PF,12,12,393,0,0,0,98,2,3.3,-2.2,8,16,16,3,56,1,123,14,16
104,Ben Sheppard,24,IND,SG,15,6,386,28,60,12,0,0,-15.6,-7.8,6,3,24,0,7,2,65,1,8
105,Tristan Da Silva,24,ORL,SF,16,4,384,0,13,80,7,0,15.7,22.2,8,3,7,1,9,0,41,0,4
106,Kris Dunn,31,LAC,PG,15,9,384,81,19,0,0,0,-9.6,-6.0,11,5,21,1,9,0,88,2,7
107,Donovan Clingan,21,POR,C,15,15,383,0,0,0,0,100,-1.3,1.3,5,2,29,3,14,0,47,6,6
108,John Collins,28,LAC,PF,15,6,380,0,0,0,99,1,-5.7,2.2,7,11,17,4,18,0,23,9,8
109,Moses Moody,23,GSW,SG,15,7,380,33,49,16,1,0,3.5,6.2,14,3,15,3,15,2,65,3,7
110,Terance Mann,29,BRK,SG,14,14,380,22,72,6,0,0,-11.7,1.0,4,6,22,0,12,5,122,2,8
111,Svi Mykhailiuk,28,UTA,SF,14,14,378,1,77,22,0,0,-3.5,5.2,6,2,11,1,5,2,73,4,1
112,Alex Sarr,20,WAS,C,13,13,377,0,0,0,0,100,-12.5,6.6,12,13,20,4,17,1,123,4,18
113,Saddiq Bey,26,NOP,SF,14,7,376,0,54,44,3,0,-16.2,-5.8,5,1,8,3,14,2,67,1,10
114,Jalen Duren,22,DET,C,13,13,376,0,0,0,0,100,11.2,9.2,6,9,24,8,42,0,55,9,12
115,De'Andre Hunter,28,CLE,SF,13,13,376,0,11,72,17,0,3.0,-2.0,9,13,13,1,25,4,94,10,9
116,Jock Landale,30,MEM,C,16,13,374,0,0,0,0,100,-11.4,-12.3,8,3,27,5,12,2,62,1,11
117,OG Anunoby,28,NYK,PF,12,12,373,0,0,19,80,2,14.9,20.0,14,5,15,2,9,5,65,3,12
118,Norman Powell,32,MIA,SG,12,12,373,2,99,0,0,0,6.6,6.5,7,12,9,3,30,1,68,7,13
119,Ryan Kalkbrenner,24,CHO,C,14,14,371,0,0,0,0,100,-4.7,-2.3,4,4,13,11,12,0,14,4,6
120,Anfernee Simons,26,BOS,SG,15,0,368,52,48,0,0,0,-0.8,-12.5,7,10,19,2,13,0,98,4,9
121,Neemias Queta,26,BOS,C,15,15,367,0,0,0,0,100,16.1,21.7,2,3,33,7,12,0,64,5,3
122,Collin Sexton,27,CHO,SG,14,9,367,43,55,3,0,0,-2.9,1.5,20,14,10,2,27,6,159,6,13
123,Bub Carrington,20,WAS,PG,14,5,366,100,0,0,0,0,-24.2,-18.7,24,7,14,1,5,1,133,1,5
124,Kevin Huerter,27,CHI,SF,14,5,366,0,13,76,10,0,-2.0,-3.8,16,5,20,0,15,0,87,5,8
125,Kentavious Caldwell-Pope,32,MEM,SG,16,13,365,1,84,15,0,0,-9.2,-7.8,8,8,12,0,11,7,127,0,5
126,Collin Gillespie,26,PHO,PG,15,0,365,100,0,0,0,0,10.5,8.9,11,9,12,1,11,6,190,4,5
127,Naz Reid,26,MIN,C,15,0,365,0,0,0,47,53,2.8,-10.2,9,8,21,5,11,5,74,3,12
128,Aaron Gordon,30,DEN,PF,12,12,365,0,0,0,98,2,20.2,18.4,11,3,12,2,30,0,41,7,5
129,Domantas Sabonis,29,SAC,C,11,11,365,0,0,0,3,98,-20.4,-12.5,7,10,19,10,20,0,88,2,14
130,Jarrett Allen,27,CLE,C,14,14,364,0,0,0,0,100,11.3,14.0,7,10,13,4,21,4,61,4,15
131,Keldon Johnson,26,SAS,SF,15,0,363,0,37,52,11,0,2.8,-7.6,5,5,11,1,11,2,61,3,15
132,Ryan Dunn,23,PHO,SF,15,10,361,0,2,38,60,0,10.2,8.4,8,3,16,2,7,3,70,1,5
133,Kel'el Ware,21,MIA,C,15,11,361,0,0,0,0,100,-4.7,-16.4,6,3,19,5,12,1,25,5,5
134,Jonathan Kuminga,23,GSW,PF,13,12,360,0,0,1,63,36,-4.4,-8.1,16,13,11,1,25,1,90,4,9
135,Chet Holmgren,23,OKC,PF,12,12,359,0,0,8,65,27,22.0,13.2,10,9,23,7,24,1,43,3,9
136,Ron Holland,20,DET,SF,15,5,358,0,0,32,68,0,5.0,-3.6,7,14,18,1,11,7,66,3,9
137,Isaac Okoro,25,CHI,SG,14,14,356,0,45,51,4,0,-6.6,-13.2,5,6,21,4,8,4,56,2,9
138,D'Angelo Russell,29,DAL,PG,16,3,355,95,5,0,0,0,-4.2,5.1,26,10,15,2,20,3,189,0,5
139,Javonte Green,32,DET,SG,15,3,349,19,74,7,0,0,7.6,1.5,10,1,13,0,18,3,43,3,5
140,Noah Clowney,21,BRK,PF,14,8,348,0,0,0,88,12,-8.8,6.8,7,5,13,4,18,1,58,1,8
141,Derik Queen,21,NOP,C,15,3,347,0,0,0,8,93,-5.8,14.6,16,12,24,7,27,4,94,5,8
142,Ja Morant,26,MEM,PG,12,12,345,100,0,0,0,0,-6.6,-2.7,33,10,13,0,31,4,219,4,12
143,Tre Johnson,19,WAS,SG,14,4,344,19,60,21,0,0,-12.5,6.3,9,9,17,1,7,1,45,3,1
144,Moussa Diabaté,24,CHO,C,15,1,343,0,0,0,6,94,-4.5,-1.7,3,0,16,3,29,3,45,7,8
145,Jusuf Nurkić,31,UTA,C,14,9,342,0,0,0,0,100,-8.8,-6.2,21,8,14,12,11,2,121,1,10
146,Bobby Portis,30,MIL,PF,16,1,341,0,0,0,69,31,-4.7,-6.2,10,3,17,5,4,0,44,0,7
147,Cameron Johnson,29,DEN,SF,13,13,339,0,0,77,23,0,11.6,0.1,5,2,19,1,8,4,66,2,8
148,Anthony Edwards,24,MIN,SG,11,11,339,2,56,41,0,0,10.3,4.6,12,7,7,2,29,0,93,8,8
149,Dean Wade,29,CLE,PF,15,2,338,0,0,19,71,11,3.3,-1.1,0,3,15,0,7,3,61,2,3
150,Marcus Smart,31,LAL,SG,12,9,338,22,75,3,0,0,8.0,9.7,16,6,16,3,11,10,87,2,2
151,Josh Hart,30,NYK,SF,13,0,336,0,17,76,7,0,1.4,-9.1,10,8,11,5,11,4,153,4,6
152,Aaron Nesmith,26,IND,SF,11,11,335,1,73,26,0,0,-5.1,12.5,2,3,14,2,16,11,41,4,10
153,Peyton Watson,23,DEN,SF,14,4,334,0,16,43,42,0,10.7,-1.8,7,4,15,4,12,1,47,4,7
154,Pelle Larsson,24,MIA,SG,15,12,333,0,37,63,0,0,-3.9,-13.6,15,2,16,0,18,11,103,4,7
155,Kris Murray,25,POR,SF,14,1,333,3,52,35,9,0,-7.3,-10.0,4,2,15,1,4,1,34,0,6
156,Tre Jones,26,CHI,PG,11,11,329,100,0,0,0,0,-7.5,-14.2,8,6,5,1,16,7,145,0,13
157,Andre Drummond,32,PHI,C,14,6,327,0,0,0,0,100,6.3,8.1,5,0,21,2,7,0,23,2,4
158,Mark Williams,24,PHO,C,13,10,326,0,0,0,0,100,12.2,11.4,2,3,20,6,21,2,29,3,9
159,Klay Thompson,35,DAL,SF,15,8,325,0,20,56,24,0,-9.9,-5.2,8,7,7,1,0,1,61,0,3
160,Christian Braun,24,DEN,SG,11,11,325,2,76,21,0,0,17.5,11.5,8,4,14,1,12,1,80,4,6
161,Derrick Jones Jr.,28,LAC,SF,13,13,324,0,10,82,8,0,-9.4,-5.0,5,1,14,4,17,5,34,7,6
162,Sam Hauser,28,BOS,PF,15,2,323,0,0,2,91,7,2.9,-4.3,4,4,7,2,2,3,53,1,1
163,Bruce Brown,29,DEN,SG,14,0,319,43,57,0,0,0,8.0,-6.7,6,4,19,0,8,0,49,1,10
164,Tim Hardaway Jr.,33,DEN,SG,14,1,319,15,46,38,2,0,13.9,4.6,0,1,8,1,6,1,49,2,3
165,Zaccharie Risacher,20,ATL,SF,13,13,317,0,4,94,2,0,11.6,16.6,3,3,15,3,10,0,46,4,6
166,Ausar Thompson,23,DET,SF,11,10,314,0,13,75,12,0,7.5,1.1,5,6,11,0,16,2,85,5,5
167,Landry Shamet,28,NYK,SG,14,5,311,0,72,28,0,0,1.1,-9.1,6,1,9,0,13,6,42,2,5
168,Sam Merrill,29,CLE,SG,12,8,311,0,69,28,3,0,5.3,2.2,5,1,16,2,3,8,63,1,0
169,Cam Spencer,25,MEM,SG,16,1,309,57,43,0,0,0,-4.4,1.1,10,3,10,0,12,2,123,1,3
170,Mike Conley,38,MIN,PG,15,5,309,100,0,0,0,0,5.5,-4.1,9,2,19,1,4,1,128,0,0
171,Luke Kennard,29,ATL,SG,14,0,308,3,55,42,0,0,0.9,-1.9,11,3,8,2,3,1,76,1,5
172,Tre Mann,24,CHO,PG,14,1,308,84,16,0,0,0,-12.8,-15.8,12,6,15,5,3,2,107,0,5
173,Malik Monk,27,SAC,SG,13,0,308,36,64,0,0,0,-2.4,19.1,10,2,16,0,10,5,61,0,6
174,Luguentz Dort,26,OKC,SF,10,10,306,0,1,51,49,0,18.0,5.0,6,0,12,2,7,10,32,1,3
175,Ayo Dosunmu,26,CHI,SG,12,0,304,9,79,12,0,0,3.8,7.1,4,9,12,2,16,0,99,4,5
176,Lonzo Ball,28,CLE,PG,13,2,301,51,48,1,0,0,0.1,-6.5,19,5,13,2,2,0,158,0,3
177,Nikola Jović,22,MIA,PF,14,1,299,0,0,0,56,44,8.0,7.9,11,9,21,3,17,0,101,5,4
178,Buddy Hield,33,GSW,SG,17,0,298,36,39,25,0,0,-11.4,-18.3,12,5,9,1,5,0,69,1,4
179,Reed Sheppard,21,HOU,PG,13,0,298,85,12,3,0,0,8.6,-5.4,11,3,13,1,4,0,99,3,5
180,Patrick Williams,24,CHI,PF,14,0,297,0,0,30,68,2,-1.2,-1.8,7,3,14,2,9,0,51,3,4
181,Cole Anthony,25,MIL,PG,15,0,295,100,1,0,0,0,-6.5,-8.6,20,11,23,2,6,5,191,3,5
182,Tyrese Martin,26,BRK,SG,14,2,293,5,68,27,1,0,-5.5,11.5,7,6,6,0,5,1,83,3,1
183,Brandon Williams,26,DAL,PG,14,6,292,99,1,0,0,0,-3.9,4.8,17,6,16,2,24,5,108,3,13
184,Keon Ellis,26,SAC,SG,16,2,289,26,52,22,0,0,-14.2,-0.5,1,3,23,1,3,5,26,0,0
185,Miles McBride,25,NYK,SG,12,3,289,57,43,0,0,0,6.7,1.4,4,4,10,0,5,1,73,2,3
186,Jakob Poeltl,30,TOR,C,11,11,287,0,0,0,0,100,1.7,-4.6,6,3,23,4,12,0,45,1,4
187,Craig Porter Jr.,25,CLE,PG,16,0,285,99,1,0,0,0,5.1,1.7,13,1,11,0,3,2,106,2,1
188,Simone Fontecchio,30,MIA,SF,15,0,285,0,0,32,66,1,1.9,-2.5,8,3,20,2,10,0,44,2,6
189,Isaiah Jackson,24,IND,C,15,11,285,0,0,1,13,87,-12.4,-0.8,1,5,27,7,14,0,36,4,2
190,Ace Bailey,19,UTA,SF,14,5,284,0,7,77,12,3,-18.8,-22.3,9,3,27,1,7,0,56,1,3
191,Jaylon Tyson,23,CLE,SG,11,7,284,0,31,57,13,0,4.7,1.0,7,1,16,2,6,1,49,3,4
192,Josh Minott,23,BOS,PF,14,9,282,0,0,21,74,6,4.0,-2.1,5,3,12,1,9,2,47,1,6
193,LaMelo Ball,24,CHO,PG,9,9,282,75,25,0,0,0,3.5,12.0,17,6,14,4,16,5,211,3,7
194,Josh Okogie,27,HOU,SG,13,10,279,75,25,0,0,0,14.6,5.3,4,1,12,0,9,7,35,0,4
195,Jalen Suggs,24,ORL,PG,12,12,279,90,10,0,0,0,17.1,20.3,21,9,22,4,11,8,137,0,2
196,Ziaire Williams,24,BRK,SF,12,0,279,0,17,77,6,0,-15.3,-5.6,5,3,14,1,13,0,20,4,4
197,Isaiah Joe,26,OKC,SG,11,0,279,35,65,0,0,0,15.3,0.6,5,5,9,0,10,10,41,0,4
198,Jose Alvarado,27,NOP,PG,14,0,277,100,0,0,0,0,-6.1,11.7,9,5,11,0,6,6,80,1,6
199,Vit Krejci,25,ATL,PG,12,1,277,56,44,0,0,0,0.4,-2.5,6,0,14,1,4,2,52,0,3
200,Jaylin Williams,23,OKC,PF,15,1,276,0,0,8,54,37,10.0,-7.6,10,0,12,3,3,5,80,1,0
201,Isaiah Stewart,24,DET,C,12,5,276,0,0,0,40,60,3.6,-5.1,3,5,15,6,9,0,43,4,4
202,Khris Middleton,34,WAS,SF,11,11,275,0,0,10,88,1,-14.4,1.9,10,3,17,4,6,3,64,0,6
203,Jamal Shead,23,TOR,PG,15,0,273,100,0,0,0,0,7.1,4.1,14,2,16,1,7,12,173,2,7
204,Bam Adebayo,28,MIA,C,9,9,272,0,0,0,18,82,13.3,15.7,7,7,4,0,18,2,61,3,5
205,Will Richard,23,GSW,SG,15,6,271,0,6,80,14,0,-10.8,-16.6,6,3,19,0,10,2,46,1,3
206,Egor Demin,19,BRK,PG,13,6,269,95,5,0,0,0,-16.8,-8.0,11,6,16,0,1,2,120,0,3
207,Steven Adams,32,HOU,C,12,3,267,0,0,0,0,100,13.7,3.9,5,3,7,5,10,0,41,1,2
208,Goga Bitadze,26,ORL,C,16,0,265,0,0,0,0,100,9.8,8.3,5,2,19,1,11,0,50,3,2
209,Dillon Brooks,30,PHO,SF,9,9,265,0,1,9,90,1,0.5,-8.7,5,6,10,5,12,3,42,3,5
210,Kristaps Porziņģis,30,ATL,C,10,10,262,0,0,0,0,100,1.1,-1.5,4,3,16,3,21,0,76,4,3
211,Nicolas Batum,37,LAC,PF,15,2,259,0,0,32,67,1,-10.9,-6.5,6,0,11,2,1,0,27,0,1
212,Corey Kispert,26,WAS,SF,14,0,258,0,3,71,27,0,-10.2,8.7,7,1,11,1,10,1,54,5,4
213,Kyle Filipowski,22,UTA,C,13,5,258,0,0,0,56,44,2.1,12.6,8,4,17,3,11,2,74,2,9
214,Jarred Vanderbilt,26,LAL,PF,14,2,257,0,17,53,30,0,0.3,-4.1,8,7,12,4,5,1,50,1,8
215,Mouhamed Gueye,23,ATL,PF,16,2,256,0,0,0,83,17,5.0,4.4,9,1,13,0,7,0,51,4,2
216,Dru Smith,28,MIA,SG,15,0,256,100,0,0,0,0,9.4,9.1,6,8,13,0,8,4,121,1,8
217,Tari Eason,24,HOU,PF,11,1,255,0,3,66,30,0,10.1,-2.3,8,4,9,1,2,0,43,1,5
218,Jordan Clarkson,33,NYK,SG,14,0,254,13,79,9,0,0,1.5,-7.2,5,5,14,2,13,2,56,2,4
219,Quinten Post,25,GSW,PF,17,7,253,0,0,0,7,93,13.3,18.6,6,5,10,1,3,1,37,1,2
220,Drew Eubanks,28,SAC,C,16,5,253,0,0,0,4,96,-4.9,13.4,3,8,13,4,11,1,10,3,3
221,Gradey Dick,22,TOR,SG,15,0,249,0,60,38,2,0,16.8,18.9,4,0,6,0,11,2,22,1,6
222,Dalton Knecht,24,LAL,SF,14,1,249,0,54,44,3,0,-9.4,-18.8,3,2,12,2,5,0,20,1,4
223,Trendon Watford,25,PHI,PF,12,4,249,0,0,0,85,15,0.7,-1.6,9,3,19,4,10,3,102,5,8
224,Aaron Wiggins,27,OKC,SG,9,5,248,0,18,61,21,0,16.3,2.0,4,2,13,1,5,0,44,1,4
225,Sandro Mamukelashvili,26,TOR,C,14,0,247,0,0,0,0,100,13.8,14.3,3,3,13,2,15,0,67,3,3
226,Al Horford,39,GSW,C,11,0,243,0,0,0,0,100,-9.4,-13.6,8,1,11,5,2,0,52,0,3
227,Cam Whitmore,21,WAS,SF,14,0,240,0,0,0,97,3,-14.9,1.0,5,7,9,1,11,0,26,6,12
228,Oso Ighodaro,23,PHO,PF,15,4,236,0,0,0,14,86,7.3,2.0,9,4,19,6,8,1,43,4,7
229,Keaton Wallace,26,ATL,PG,15,2,235,100,0,0,0,0,-7.4,-13.4,5,6,11,1,4,1,108,0,3
230,De'Aaron Fox,28,SAS,PG,7,7,235,100,0,0,0,0,4.5,-3.1,14,8,9,1,15,3,117,7,5
231,Andrew Nembhard,26,IND,PG,8,8,234,90,10,0,0,0,-16.9,-7.3,9,8,8,3,17,1,118,2,3
232,Daniel Gafford,27,DAL,C,10,9,231,0,0,0,0,100,-7.4,-0.6,5,4,23,1,17,1,27,7,7
233,Bogdan Bogdanović,33,LAC,SG,9,2,231,9,57,34,0,0,3.3,14.3,7,5,13,0,6,0,78,1,3
234,Jay Huff,27,IND,C,15,2,229,0,0,0,0,100,-10.6,1.9,3,2,19,3,7,1,36,1,1
235,Vince Williams Jr.,25,MEM,SG,11,3,227,60,36,3,0,0,2.2,10.3,13,4,7,3,7,3,118,1,1
236,Cam Thomas,24,BRK,SG,8,8,226,70,30,0,0,0,-17.9,-8.7,10,3,7,1,21,3,51,6,6
237,Jaylen Clark,24,MIN,SG,13,0,223,6,65,29,0,0,14.1,9.1,2,1,11,1,7,2,20,0,1
238,Marvin Bagley III,26,WAS,PF,14,1,221,0,0,0,2,99,-16.1,-0.9,7,5,22,2,13,3,46,5,6
239,Jalen Smith,25,CHI,C,14,0,220,0,0,0,1,99,9.2,13.9,3,7,19,2,11,4,45,5,5
240,Nique Clifford,23,SAC,SG,12,2,220,2,35,48,14,0,-4.4,13.4,5,3,19,0,7,2,62,0,4
241,Collin Murray-Boyles,20,TOR,PF,11,3,220,0,0,0,51,49,-5.5,-14.1,6,2,15,1,9,0,33,1,2
242,Brook Lopez,37,LAC,C,15,0,219,0,0,0,0,100,-7.0,-0.4,5,2,12,6,4,0,24,1,1
243,Daniss Jenkins,24,DET,PG,10,4,219,100,0,0,0,0,7.4,0.8,7,6,9,1,4,2,102,0,7
244,Jordan Poole,26,NOP,PG,7,4,212,25,75,0,0,0,-21.1,-10.9,7,7,5,0,9,6,55,1,10
245,Jordan Hawkins,23,NOP,SG,14,0,211,3,93,4,0,0,-9.2,5.8,1,4,7,0,1,1,37,0,1
246,Tony Bradley,28,IND,C,15,3,208,0,0,2,8,90,-14.7,-3.8,2,1,18,4,8,1,26,1,7
247,Justin Edwards,22,PHI,SF,13,3,208,0,2,86,13,0,-6.6,-11.8,1,4,8,1,2,1,47,1,2
248,Day'Ron Sharpe,24,BRK,C,13,0,206,0,0,0,0,100,-15.2,-4.5,11,7,14,6,13,1,63,4,2
249,Luka Garza,27,BOS,C,14,0,205,0,0,0,0,100,-5.4,-15.1,1,1,26,3,11,3,28,4,7
250,Jordan Goodwin,27,PHO,PG,12,0,205,37,63,0,0,0,15.5,13.2,6,4,6,2,3,0,56,1,3
251,Alex Caruso,31,OKC,SG,11,0,204,42,26,32,0,0,27.0,16.3,8,1,4,0,2,5,68,0,3
252,Jeremiah Robinson-Earl,25,IND,PF,10,3,203,0,0,4,93,3,-13.9,-2.8,3,2,5,0,5,1,17,2,7
253,Kawhi Leonard,34,LAC,SF,6,6,201,0,0,47,53,0,-10.7,-5.5,4,7,2,0,11,0,51,4,1
254,Jaxson Hayes,25,LAL,C,12,1,200,0,0,0,0,100,1.3,-2.3,3,1,12,2,6,3,34,2,4
255,Tyus Jones,29,ORL,PG,16,1,198,100,0,0,0,0,-18.1,-30.1,6,0,5,0,0,2,52,0,2
256,Caris LeVert,31,DET,SG,10,0,198,13,49,30,9,0,6.1,-1.0,9,5,9,0,7,0,80,2,2
257,Tobias Harris,33,DET,PF,6,6,193,0,0,0,99,1,-1.5,-11.4,3,2,11,1,9,0,37,4,4
258,Jabari Walker,23,PHI,PF,15,5,192,0,0,6,93,1,-1.5,-4.4,0,3,13,0,3,2,20,1,8
259,Brice Sensabaugh,22,UTA,SF,13,0,191,0,54,43,3,0,-8.7,-4.0,4,4,14,1,9,1,39,3,4
260,Yves Missi,21,NOP,C,10,5,187,0,0,0,1,99,-10.9,3.3,5,2,9,2,11,1,37,2,2
261,Luke Kornet,30,SAS,C,8,3,186,0,0,0,25,76,7.4,1.1,1,3,8,1,9,2,42,0,2
262,Zion Williamson,25,NOP,PF,6,6,186,0,0,0,81,19,-4.8,11.6,10,7,12,3,29,0,73,4,14
263,Jalen Wilson,25,BRK,PF,12,0,185,0,0,27,69,5,-16.7,-6.2,4,4,8,0,5,2,19,1,3
264,Jordan Walsh,21,BOS,PF,11,3,184,0,0,36,64,0,16.6,15.0,2,0,15,0,2,2,25,0,6
265,Larry Nance Jr.,33,CLE,PF,12,1,181,0,0,24,71,5,-10.5,-18.9,4,1,17,3,2,3,39,1,4
266,Walter Clayton,22,UTA,PG,11,0,178,100,0,0,0,0,-6.6,-1.1,11,3,11,1,5,1,84,2,3
267,Adem Bona,22,PHI,C,12,3,177,0,0,0,0,100,-7.1,-11.8,1,2,8,2,4,1,6,0,3
268,John Konchar,29,MEM,SG,14,0,172,0,32,60,8,0,-0.6,5.7,5,0,8,0,2,0,41,1,1
269,Jonas Valančiūnas,33,DEN,C,14,0,171,0,0,0,3,97,-3.7,-20.0,4,4,16,5,14,0,36,1,7
270,Taurean Prince,31,MIL,SF,8,0,169,0,4,88,8,0,3.3,5.8,4,1,8,0,2,1,18,1,1
271,Precious Achiuwa,26,SAC,C,9,6,168,0,0,0,95,5,-20.8,-8.9,1,1,4,2,7,2,23,3,2
272,Gary Payton II,33,GSW,SG,16,0,167,17,83,0,0,0,7.6,9.4,4,0,11,2,1,0,41,0,1
273,Paul Reed,26,DET,C,13,2,163,0,0,0,4,96,13.4,8.6,2,5,11,5,6,1,38,2,1
274,RayJ Dennis,24,IND,PG,11,0,161,100,0,0,0,0,-17.2,-6.8,9,4,10,0,1,1,56,0,2
275,Nick Richards,28,PHO,C,15,1,156,0,0,0,0,100,-4.3,-13.1,7,2,10,3,11,0,12,0,6
276,Jeremy Sochan,22,SAS,PF,9,0,154,0,0,1,71,28,-1.5,-10.3,4,3,10,2,3,2,48,1,2
277,Walker Kessler,24,UTA,C,5,5,154,0,0,0,0,100,4.9,13.7,8,3,7,5,11,0,36,2,5
278,Tyrese Proctor,21,CLE,PG,13,0,153,49,51,0,0,0,-12.7,-20.6,2,1,3,2,4,2,40,0,4
279,Isaiah Collier,21,UTA,PG,6,1,152,41,59,0,0,0,-10.2,-5.7,7,4,10,4,12,1,107,3,5
280,Bilal Coulibaly,21,WAS,SG,6,6,152,1,75,25,0,0,-15.6,-0.1,6,2,8,1,9,1,53,2,3
281,Jonathan Isaac,28,ORL,PF,15,0,149,0,0,8,84,8,-10.0,-17.6,0,3,7,0,5,1,6,0,0
282,Drake Powell,20,BRK,SG,8,0,149,61,26,13,0,0,-12.6,-0.7,3,5,8,1,1,0,41,1,2
283,Anthony Davis,32,DAL,PF,5,5,149,0,0,0,19,81,-7.6,-0.7,5,4,8,1,13,1,28,1,3
284,Taylor Hendricks,22,UTA,PF,9,3,148,0,0,62,33,5,-9.4,-4.5,3,1,2,0,1,0,9,0,4
285,Jaden Hardy,23,DAL,SG,13,0,147,4,59,37,0,0,5.4,15.3,7,6,8,0,8,1,11,2,3
286,Dominick Barlow,22,PHI,PF,6,4,147,0,0,0,72,28,4.8,3.8,5,1,7,2,5,0,36,2,2
287,Rob Dillingham,21,MIN,PG,13,0,145,99,1,0,0,0,-7.7,-19.5,12,4,10,0,5,0,65,1,8
288,Joel Embiid,31,PHI,C,6,6,140,0,0,0,0,100,0.5,-1.6,8,4,5,4,18,0,54,4,5
289,Dylan Harper,19,SAS,SG,6,0,140,8,57,36,0,0,19.4,15.7,7,1,9,0,10,0,58,4,4
290,Moussa Cisse,23,DAL,C,12,1,139,0,0,0,0,100,0.9,9.5,1,5,14,3,10,0,2,3,1
291,Sidy Cissoko,21,POR,SF,10,1,139,30,50,20,0,0,-4.0,-2.5,3,2,9,1,6,5,28,2,2
292,Trae Young,27,ATL,PG,5,5,139,100,0,0,0,0,-9.0,-13.6,9,1,5,0,14,5,91,4,1
293,Ja'Kobe Walter,21,TOR,SG,12,0,138,7,91,2,0,0,-8.7,-16.3,7,1,10,1,3,1,19,1,2
294,Karlo Matković,24,NOP,PF,12,0,137,0,0,0,65,36,-1.4,14.8,1,1,9,1,3,1,26,0,1
295,Chris Paul,40,LAC,PG,10,0,137,100,0,0,0,0,-16.7,-12.2,9,1,5,0,0,0,79,0,1
296,Mitchell Robinson,27,NYK,C,8,8,137,0,0,0,41,59,12.4,7.9,0,3,14,2,3,0,21,1,1
297,Hugo González,19,BOS,SF,11,1,136,3,27,63,7,0,7.5,2.8,1,2,10,1,1,3,19,0,3
298,Ousmane Dieng,22,OKC,C,12,0,135,0,0,3,65,33,-1.5,-19.7,2,3,6,1,2,0,20,0,1
299,Micah Peavy,24,NOP,SG,11,0,135,3,38,44,15,0,-14.3,-1.1,2,0,9,0,2,0,25,1,0
300,Guerschon Yabusele,30,NYK,C,13,0,133,0,0,0,44,57,7.4,1.7,1,0,11,1,2,0,12,0,3
301,Pat Spencer,29,GSW,PG,10,0,132,97,3,0,0,0,-3.6,-4.5,5,1,6,1,6,1,71,0,7
302,Bennedict Mathurin,23,IND,SF,4,4,132,0,40,60,0,0,-9.4,3.1,2,5,7,2,24,0,25,5,3
303,Caleb Martin,30,DAL,SF,13,0,130,0,22,54,25,0,-16.2,-11.1,3,2,12,1,5,0,38,2,2
304,Amir Coffey,28,MIL,SG,13,0,128,0,63,34,4,0,-10.1,-10.6,1,0,3,0,1,1,16,0,1
305,Chaz Lanier,24,DET,SG,11,0,128,12,40,45,2,0,0.0,-8.3,1,0,0,0,1,0,23,0,0
306,Kobe Sanders,23,LAC,SG,7,2,126,0,33,67,0,0,-1.1,6.8,3,3,8,1,5,0,22,2,1
307,Trayce Jackson-Davis,25,GSW,C,10,1,125,0,0,0,0,100,-14.7,-17.5,3,2,12,1,11,0,29,4,2
308,Ochai Agbaji,25,TOR,SG,9,1,125,0,93,7,0,0,7.7,3.9,2,1,8,0,3,2,12,0,3
309,Clint Capela,31,HOU,C,12,0,122,0,0,0,58,42,0.3,-13.8,2,0,9,1,4,0,12,0,0
310,Bradley Beal,32,LAC,SG,6,6,121,0,81,19,0,0,-9.9,-3.9,6,2,7,1,4,2,23,0,1
311,Bones Hyland,25,MIN,PG,13,0,118,63,37,0,0,0,4.3,-4.3,4,1,5,2,1,0,41,0,2
312,Cody Williams,21,UTA,SG,9,0,118,2,62,37,0,0,1.5,8.9,0,3,6,0,2,1,9,1,5
313,Cam Christie,20,LAC,SG,10,0,116,31,68,1,0,0,3.0,11.4,0,1,4,0,7,0,19,0,2
314,Terrence Shannon Jr.,25,MIN,SG,7,0,115,0,39,53,9,0,-14.8,-27.0,4,1,5,0,3,3,20,0,6
315,Dwight Powell,34,DAL,C,12,0,114,0,0,0,0,100,1.0,9.4,1,3,16,1,5,1,18,2,2
316,Baylor Scheierman,25,BOS,SG,11,0,113,11,38,51,0,0,13.2,9.3,2,0,3,0,0,4,13,0,0
317,Maxime Raynaud,22,SAC,C,8,0,113,0,0,0,0,100,-11.2,3.2,1,5,7,0,4,0,12,1,4
318,Liam McNeeley,20,CHO,SF,9,0,112,0,40,50,10,0,-6.0,-2.7,2,1,6,1,5,0,27,1,2
319,Kevin Love,37,UTA,PF,8,0,112,0,0,14,78,8,-11.9,-7.3,5,1,5,1,3,1,41,0,0
320,Pat Connaughton,33,CHO,SG,11,0,111,2,65,24,9,0,-0.4,3.8,2,0,3,1,4,2,17,1,1
321,Bronny James,21,LAL,SG,10,1,111,35,65,0,0,0,-2.2,-6.0,5,2,6,0,0,0,43,0,2
322,Robert Williams,28,POR,C,9,0,108,0,0,0,6,94,-14.9,-15.2,2,0,5,1,1,0,14,1,2
323,Brooks Barnhizer,23,OKC,SG,14,0,104,0,7,54,38,0,-18.6,-38.5,0,1,8,0,2,0,11,0,4
324,Isaiah Livers,27,PHO,PF,9,0,104,0,0,14,86,1,31.1,29.4,1,0,7,0,2,0,12,0,0
325,Kevon Looney,29,NOP,C,8,6,104,0,0,0,0,100,-32.1,-21.8,2,1,8,1,2,0,31,0,4
326,Justin Champagnie,24,WAS,SF,12,3,101,0,19,75,6,0,-29.5,-16.4,1,1,4,0,9,0,11,1,2
327,Quenton Jackson,27,IND,PG,5,3,101,77,23,0,0,0,12.2,28.1,1,4,3,0,6,4,43,1,4
328,Jett Howard,22,ORL,SF,11,0,99,0,43,55,2,0,6.4,2.3,0,0,6,0,0,0,17,0,0
329,Javon Small,23,MEM,PG,8,0,99,100,0,0,0,0,1.3,7.4,6,2,2,0,5,0,56,1,3
330,Blake Wesley,22,POR,SG,6,0,98,86,14,0,0,0,-2.1,-0.2,3,3,6,1,4,4,48,2,3
331,Nigel Hayes-Davis,31,PHO,SF,12,0,97,0,16,31,50,3,-24.4,-35.1,3,1,5,1,0,1,14,0,0
332,Ben Saraf,19,BRK,SG,7,5,97,13,22,65,0,0,-11.7,0.5,4,3,10,1,3,2,42,0,4
333,Dereck Lively II,21,DAL,C,6,4,97,0,0,0,0,100,2.3,10.7,3,0,8,4,3,0,24,0,2
334,Nae'Qwan Tomlin,25,CLE,PF,7,1,96,0,0,20,80,0,15.7,13.3,0,1,6,1,3,1,9,0,2
335,Gui Santos,23,GSW,PF,13,1,95,0,0,8,83,8,-7.6,-8.8,4,1,11,1,2,0,6,0,0
336,Gary Harris,31,MIL,SG,9,0,95,1,73,27,0,0,-13.8,-14.4,1,1,6,0,0,0,16,0,2
337,Caleb Love,24,POR,SG,7,0,95,81,16,3,0,0,-2.7,-0.9,1,2,3,0,2,0,31,0,4
338,Olivier-Maxence Prosper,23,MEM,PF,10,0,94,0,0,52,47,1,-6.6,-1.8,2,1,2,0,8,0,14,0,1
339,KJ Simpson,23,CHO,PG,7,0,93,100,0,0,0,0,-15.7,-13.8,6,2,4,1,1,1,46,0,2
340,Branden Carlson,26,OKC,C,11,0,91,0,0,0,4,96,0.7,-16.0,2,0,9,1,1,0,13,0,2
341,Taelon Peter,23,IND,SG,10,0,90,45,41,14,0,0,-19.3,-8.5,7,0,5,0,1,1,33,0,0
342,Nick Smith Jr.,21,LAL,SG,6,0,90,92,8,0,0,0,9.7,7.8,7,2,1,0,2,1,30,1,1
343,Julian Phillips,22,CHI,SF,13,0,89,0,0,57,43,0,18.9,22.0,0,1,4,0,0,0,6,0,2
344,Jericho Sims,27,MIL,C,11,0,88,0,0,0,18,82,-29.2,-31.6,1,1,4,2,0,0,10,0,0
345,Spencer Jones,24,DEN,SF,10,0,88,0,3,48,49,0,11.3,-0.1,4,1,9,1,0,1,14,0,0
346,Gabe Vincent,29,LAL,PG,4,3,88,100,0,0,0,0,7.7,5.4,1,0,7,1,1,1,17,0,3
347,Duop Reath,29,POR,C,11,0,84,0,0,0,32,68,3.7,6.3,0,1,6,0,0,0,11,0,0
348,Tidjane Salaün,20,CHO,PF,7,0,83,0,0,0,100,0,15.1,21.2,1,1,3,0,2,0,14,0,1
349,Asa Newell,20,ATL,PF,9,0,82,0,0,0,58,43,1.9,-0.2,2,0,7,2,3,0,3,1,4
350,Obi Toppin,27,IND,PF,3,0,82,0,0,0,53,48,-8.1,4.3,4,0,5,1,5,0,11,1,2
351,Tristan Vukcevic,22,WAS,C,11,0,79,0,0,0,5,95,-21.2,-6.4,3,4,6,1,4,1,11,2,3
352,Aaron Holiday,29,HOU,PG,8,0,78,100,0,0,0,0,10.0,-1.6,3,1,6,1,6,1,18,2,0
353,Jamison Battle,24,TOR,SF,11,0,77,0,0,26,72,2,36.8,36.2,3,1,3,0,0,0,5,0,0
354,Dalen Terry,23,CHI,SG,9,0,76,0,35,57,8,0,18.0,20.6,2,1,5,0,3,0,35,1,1
355,Chris Boucher,33,BOS,PF,7,0,76,0,0,0,52,48,1.6,-4.1,0,0,12,1,0,1,6,0,1
356,Kobe Brown,26,LAC,PF,8,0,75,0,0,43,57,0,-1.5,5.7,3,1,2,0,1,0,20,0,2
357,Zach Edey,23,MEM,C,3,3,75,0,0,0,0,100,14.0,21.2,1,1,2,2,5,0,5,2,1
358,Jordan McLaughlin,29,SAS,PG,8,0,74,100,0,0,0,0,-0.3,-7.8,2,0,5,0,1,1,23,1,0
359,T.J. McConnell,33,IND,PG,5,0,73,100,0,0,0,0,-29.8,-19.9,0,1,5,0,1,4,40,1,4
360,Darius Garland,26,CLE,PG,3,3,73,100,0,0,0,0,14.5,11.6,4,1,3,0,3,1,35,0,3
361,Julian Strawther,23,DEN,SG,9,0,71,0,50,50,0,0,-2.7,-15.9,2,1,4,0,3,0,9,1,2
362,Kelly Olynyk,34,SAS,C,6,0,69,0,0,0,14,86,-5.4,-13.3,4,0,4,0,4,0,38,0,2
363,Kyle Anderson,32,UTA,SF,4,0,69,0,5,60,35,0,-6.4,-0.7,0,0,4,2,5,1,31,1,2
364,Chris Youngblood,23,OKC,SG,14,0,67,9,44,31,16,0,-8.7,-25.7,0,0,8,0,0,0,5,0,0
365,Tyler Kolek,24,NYK,PG,10,0,67,100,0,0,0,0,-8.3,-15.7,5,1,4,0,0,1,33,0,1
366,Jevon Carter,30,CHI,PG,5,0,67,83,17,0,0,0,18.6,20.9,2,0,4,0,0,0,22,0,1
367,Elijah Harkless,25,UTA,SG,7,0,66,2,94,4,0,0,12.9,20.7,1,1,4,1,2,4,13,1,0
368,Thomas Bryant,28,CLE,C,10,0,65,0,0,0,0,100,2.2,-1.9,1,0,5,0,3,1,2,3,2
369,Devin Carter,23,SAC,PG,8,0,65,77,23,0,0,0,0.6,15.9,3,1,3,1,3,2,22,1,1
370,Xavier Tillman Sr.,27,BOS,C,8,0,65,0,0,0,1,99,-13.5,-20.6,1,0,7,0,0,1,13,0,1
371,Monte Morris,30,IND,PG,6,0,65,79,22,0,0,0,-18.7,-7.4,1,1,1,0,1,0,21,0,1
372,Carter Bryant,20,SAS,PF,10,0,64,0,0,52,41,7,-0.5,-7.8,3,0,0,0,2,0,0,1,1
373,Will Riley,19,WAS,SF,9,0,64,0,0,35,65,0,-20.0,-4.9,2,0,0,0,3,0,14,0,1
374,Jared McCain,21,PHI,SG,6,0,62,55,45,0,0,0,-3.2,-5.4,0,1,3,2,0,0,10,0,3
375,Coby White,25,CHI,SG,2,0,58,36,64,0,0,0,12.1,13.5,3,2,1,1,5,1,37,1,1
376,Ariel Hukporti,23,NYK,C,8,2,56,0,0,0,36,64,-11.4,-19.0,0,2,2,3,0,0,12,0,2
377,Cody Martin,30,IND,SF,4,0,55,0,37,59,4,0,-19.3,-7.9,2,1,4,0,2,1,5,0,1
378,Jalen Pickett,26,DEN,SG,7,1,53,72,18,10,0,0,-5.2,-18.2,1,1,2,0,1,0,15,1,2
379,Bobi Klintman,22,DET,SF,6,0,53,0,0,0,98,2,-6.3,-14.2,4,1,5,0,1,1,8,1,2
380,Yang Hansen,20,POR,C,7,0,50,0,0,0,0,100,-19.6,-19.1,2,5,3,0,4,1,10,1,3
381,Maxi Kleber,34,LAL,PF,4,0,50,0,0,0,50,50,24.8,23.5,0,0,5,0,1,0,11,0,1
382,Rayan Rupert,21,POR,SG,8,0,49,6,58,31,5,0,5.2,7.5,1,1,2,0,1,1,5,0,2
383,Matisse Thybulle,28,POR,SG,4,0,49,6,79,15,0,0,23.4,27.3,1,0,2,0,1,1,7,0,1
384,Jordan Miller,26,LAC,SF,3,0,49,0,8,84,8,0,-13.0,-6.8,0,1,1,1,4,0,9,0,3
385,Zeke Nnaji,25,DEN,PF,7,1,48,0,0,0,64,36,-22.7,-36.9,1,1,7,0,3,0,6,1,0
386,Noah Penda,21,ORL,SF,7,0,47,0,60,39,1,0,5.2,0.9,0,2,5,0,2,1,13,0,0
387,Luke Travers,24,CLE,SG,6,0,47,0,12,78,10,0,-12.6,-17.7,0,0,1,1,3,0,10,0,2
388,Rasheer Fleming,21,PHO,PF,8,0,46,0,0,9,91,0,-18.6,-26.4,2,1,3,0,2,0,6,0,0
389,GG Jackson II,21,MEM,PF,7,0,46,0,0,23,64,14,-16.2,-11.8,1,0,3,0,5,0,4,1,3
390,Bismack Biyombo,33,SAS,C,6,0,46,0,0,0,0,100,-23.3,-31.8,0,0,5,2,0,0,6,0,0
391,Lindy Waters III,28,SAS,SG,6,0,46,10,67,23,0,0,-7.4,-14.9,0,0,3,0,0,0,6,0,0
392,Paul George,35,PHI,PF,2,2,46,0,0,19,81,0,-6.6,-8.9,3,1,0,0,3,0,16,0,1
393,Ryan Nembhard,22,DAL,PG,5,0,45,100,0,0,0,0,-23.0,-17.0,3,2,2,1,1,1,21,1,1
394,Bryce McGowens,23,NOP,SG,6,0,43,0,40,60,0,0,-1.9,12.3,0,0,1,1,5,1,7,0,2
395,Wendell Moore Jr.,24,DET,SG,3,0,43,2,34,53,12,0,36.4,31.4,1,0,0,0,0,1,8,0,1
396,Jae'Sean Tate,30,HOU,SF,8,0,41,1,36,40,22,0,-15.6,-28.9,0,0,3,1,0,0,3,0,0
397,Brandon Miller,23,CHO,SF,2,2,40,0,0,100,0,0,-2.1,1.6,1,1,2,1,5,0,22,1,0
398,AJ Johnson,21,WAS,SG,8,0,38,63,37,0,0,0,-23.9,-8.8,1,0,3,0,2,0,10,0,4
399,Joan Beringer,19,MIN,PF,9,0,37,0,0,0,2,98,0.1,-8.3,1,0,5,1,2,0,0,1,0
400,Leonard Miller,22,MIN,SF,8,0,37,0,0,0,100,0,-1.2,-9.6,1,2,3,1,2,1,9,1,0
401,Johnny Furphy,21,IND,SG,3,0,37,0,65,35,0,0,1.1,13.7,3,0,1,0,0,1,0,0,0
402,David Jones García,24,SAS,SF,5,0,36,11,36,53,0,0,52.4,48.3,1,0,1,0,3,1,29,1,1
403,Khaman Maluach,19,PHO,C,7,0,35,0,0,0,0,100,-15.0,-22.1,1,2,3,2,4,0,3,0,1
404,Jonathan Mogbo,24,TOR,PF,7,0,35,0,0,0,15,85,2.5,-2.2,1,0,1,0,0,0,10,0,1
405,Caleb Houstan,23,ATL,SF,6,0,35,0,15,86,0,0,-17.8,-20.8,0,1,3,1,1,0,4,0,1
406,Nolan Traoré,19,BRK,PG,4,0,35,100,0,0,0,0,-33.8,-22.9,1,1,2,0,1,0,14,0,0
407,Drew Peterson,26,CHO,PF,2,0,35,0,0,0,100,0,-11.4,-8.1,0,0,1,0,1,1,3,0,0
408,Jase Richardson,20,ORL,SG,8,0,34,69,30,1,0,0,10.7,6.6,2,1,1,0,1,1,18,0,0
409,Malaki Branham,22,WAS,SG,5,0,34,10,75,15,0,0,-5.4,10.6,0,1,1,0,3,0,8,0,1
410,Mac McClung,27,IND,SG,3,0,34,20,71,9,0,0,-19.2,-7.6,2,0,3,0,3,0,2,2,1
411,Yanic Konan Niederhauser,22,LAC,C,6,0,33,0,0,0,0,100,-2.6,4.3,1,0,2,0,2,0,7,0,0
412,Dylan Cardwell,24,SAC,C,3,1,33,0,0,0,0,100,-17.6,-3.8,1,0,5,0,0,0,0,0,2
413,Keegan Murray,25,SAC,PF,1,0,33,0,0,23,78,0,-24.9,-11.5,0,1,1,0,0,0,3,0,2
414,Charles Bassey,25,MEM,C,2,0,31,0,0,0,63,37,-11.9,-7.2,0,0,4,1,2,0,5,1,1
415,Mason Plumlee,35,CHO,C,6,0,30,0,0,0,0,100,0.0,3.8,2,0,1,0,1,1,6,0,0
416,Jalen Green,23,PHO,SG,2,2,30,56,40,4,0,0,56.6,52.7,1,1,2,0,3,0,11,1,0
417,LeBron James,41,LAL,SF,1,1,30,0,0,83,17,0,7.8,5.1,1,0,0,0,2,0,28,0,0
418,Dario Šarić,31,SAC,C,3,0,28,0,0,0,65,35,12.4,27.2,0,1,0,0,1,0,5,0,1
419,PJ Hall,23,MEM,C,7,0,27,0,0,0,0,100,-0.3,5.0,1,0,2,0,2,0,4,1,1
420,Tyson Etienne,26,BRK,PG,5,0,25,85,15,0,0,0,24.0,37.5,0,0,1,0,0,1,0,0,0
421,E.J. Liddell,25,BRK,PF,5,0,25,0,0,42,49,9,18.0,31.3,0,0,2,0,1,1,0,1,1
422,JD Davison,23,HOU,PG,5,0,24,0,100,0,0,0,-20.5,-33.2,0,0,2,0,1,0,5,0,0
423,Keshad Johnson,24,MIA,SF,5,0,24,0,0,62,27,10,-33.8,-38.6,1,0,1,0,0,0,0,0,1
424,Joe Ingles,38,MIN,SF,5,0,23,0,0,100,0,0,3.4,-4.7,0,0,2,0,0,0,14,0,0
425,DeAndre Jordan,37,NOP,C,2,1,23,0,0,0,0,100,-58.8,-46.7,0,1,0,0,2,0,0,2,1
426,Andre Jackson Jr.,24,MIL,SG,6,0,22,0,17,70,13,0,-2.9,-1.8,2,0,2,0,0,1,15,0,0
427,Tolu Smith,25,DET,PF,2,0,22,0,0,0,0,100,0.4,-6.6,0,1,1,0,4,0,6,1,1
428,Johnny Juzang,24,MIN,SG,7,0,21,0,55,40,5,0,30.4,23.2,1,0,3,0,1,0,2,0,0
429,Jeff Green,39,HOU,PF,5,0,21,0,0,3,69,29,-33.6,-46.5,0,0,2,0,0,0,0,0,0
430,Mark Sears,23,MIL,PG,5,0,21,100,0,0,0,0,0.0,1.2,4,0,0,0,1,0,2,0,0
431,Jahmyl Telfort,24,LAC,PF,4,0,21,0,0,100,0,0,7.7,14.8,0,0,2,1,2,0,3,0,0
432,Eric Gordon,37,PHI,SG,3,0,21,50,50,0,0,0,5.9,4.2,0,0,1,1,0,0,2,0,0
433,Jamir Watkins,24,WAS,SG,3,0,21,0,53,47,0,0,-9.3,6.4,0,1,3,0,0,1,0,0,0
434,Antonio Reeves,25,CHO,SG,2,0,21,0,30,70,0,0,30.3,34.8,0,0,0,0,0,0,0,0,0
435,James Wiseman,24,IND,C,1,1,20,0,0,0,30,70,-41.5,-30.4,1,2,0,0,0,0,0,0,0
436,Mohamed Diawara,20,NYK,SF,8,0,18,0,0,63,34,3,-12.5,-19.0,1,0,3,0,1,0,3,0,0
437,Isaac Jones,25,2TM,PF,4,1,18,0,0,0,100,0,-54.6,-42.5,0,0,2,0,0,0,2,0,0
437,Isaac Jones,25,SAC,PF,3,1,17,0,0,0,100,0,-47.0,-33.8,0,0,2,0,0,0,2,0,0
437,Isaac Jones,25,DET,PF,1,0,1,0,0,0,100,0,-183.3,-190.4,0,0,0,0,0,0,0,0,0
438,Hunter Tyson,25,DEN,PF,5,0,17,0,0,8,92,0,-22.0,-34.4,0,0,1,0,0,0,0,0,3
439,N'Faly Dante,24,ATL,C,4,0,15,0,0,0,0,100,30.3,28.8,1,0,1,0,0,0,0,0,0
440,Ron Harper Jr.,25,BOS,SF,3,0,15,0,37,63,0,0,21.0,16.1,0,0,2,0,0,0,8,0,0
441,Pacome Dadiet,20,NYK,SG,5,0,14,0,67,30,4,0,-12.9,-19.3,0,0,1,0,0,0,4,0,0
442,Daeqwon Plowden,27,SAC,SG,1,0,14,10,41,30,20,0,-46.4,-33.2,0,0,0,0,0,0,0,0,1
443,Anthony Gill,33,WAS,PF,5,0,13,0,0,0,85,15,-36.4,-21.3,2,0,0,0,1,0,0,0,1
444,Harrison Ingram,23,SAS,SF,3,0,11,0,35,65,0,0,44.0,38.0,0,0,1,0,0,0,0,0,0
445,Miles Kelly,23,DAL,PG,2,0,11,0,100,0,0,0,-17.2,-10.5,0,0,0,1,0,0,0,0,0
446,Jahmir Young,25,MIA,PG,2,0,10,100,0,0,0,0,-41.7,-45.8,0,1,2,0,0,0,6,0,1
447,Thanasis Antetokounmpo,33,MIL,SF,4,0,9,0,0,0,99,2,31.6,33.1,0,0,0,0,0,0,0,0,0
448,Jacob Toppin,25,ATL,SF,3,0,9,0,0,85,15,0,38.9,37.3,0,0,0,0,0,0,0,0,0
449,Javonte Cooke,26,POR,SG,1,0,9,41,59,0,0,0,-16.4,-14.6,2,0,0,0,0,0,2,0,2
450,Kevin Porter Jr.,25,MIL,PG,1,1,9,80,20,0,0,0,75.3,77.5,0,0,0,0,1,0,5,0,0
451,Riley Minix,25,SAS,SF,3,0,8,0,0,45,55,0,60.3,54.4,0,0,0,0,0,0,2,0,0
452,Danny Wolf,21,BRK,PF,3,0,8,0,0,0,72,28,26.7,39.2,0,0,0,0,0,0,5,0,0
453,Adou Thiero,21,LAL,SF,2,0,8,0,0,65,35,0,-12.5,-15.6,0,0,2,0,1,0,0,0,0
454,Trey Jemison,26,NYK,C,1,0,8,0,0,0,0,100,2.7,-3.2,0,0,0,0,0,0,0,0,0
455,Doug McDermott,34,SAC,SF,1,0,8,0,0,100,0,0,42.1,56.7,1,0,1,0,0,0,0,0,0
456,Hunter Sallis,22,PHI,SG,3,0,7,43,57,0,0,0,-6.7,-8.6,1,1,1,0,0,0,3,0,0
457,Chris Mañon,24,LAL,SG,2,0,7,0,82,18,0,0,24.2,21.5,0,0,1,0,0,0,0,0,0
458,Amari Williams,24,BOS,PF,2,0,7,0,0,0,0,100,58.8,54.0,0,0,1,0,0,0,2,0,1
459,Colby Jones,23,DET,SG,1,0,7,0,0,100,0,0,89.5,83.5,0,0,1,0,0,0,4,0,0
460,Johni Broome,23,PHI,PF,2,0,6,0,0,0,0,100,-7.7,-9.6,0,0,0,0,0,0,2,0,0
461,Christian Koloko,25,LAL,C,2,0,6,0,0,0,0,100,-96.2,-99.9,0,0,1,0,0,0,0,0,0
462,Garrett Temple,39,TOR,SG,2,0,6,0,74,26,0,0,-81.9,-87.2,0,0,0,0,0,0,0,0,1
463,Jahmai Mashack,23,MEM,SG,1,0,6,100,0,0,0,0,8.3,13.5,0,0,0,0,0,0,0,0,0
464,Jamal Cain,26,ORL,SF,3,0,5,0,97,3,0,0,81.8,77.9,1,0,1,0,0,0,3,0,0
465,Hunter Dickinson,25,NOP,C,1,0,5,0,0,0,0,100,-120.0,-107.3,1,0,1,1,0,0,0,0,0
466,Sharife Cooper,24,WAS,PG,2,0,4,100,0,0,0,0,-71.4,-56.2,1,0,0,0,0,0,0,0,0
467,DaRon Holmes,23,DEN,PF,2,0,4,0,0,0,0,100,-8.9,-20.6,0,0,1,0,0,0,0,0,0
468,Koby Brea,23,PHO,SG,1,0,4,0,100,0,0,0,-90.9,-97.6,0,0,0,0,0,0,2,0,0
469,Pete Nance,25,MIL,PF,1,0,4,0,0,0,4,97,115.3,117.1,0,0,0,0,0,0,0,0,0
470,Jamaree Bouyea,26,PHO,PG,1,0,3,100,0,0,0,0,-37.5,-43.7,0,0,0,0,0,0,3,0,0
471,Myron Gardner,24,MIA,SF,1,0,3,0,0,100,0,0,-17.9,-21.4,0,0,1,0,0,0,3,0,0
472,Kyle Lowry,39,PHI,PG,1,0,3,100,0,0,0,0,-48.2,-50.2,0,0,0,0,0,0,2,0,0
473,Orlando Robinson,25,ORL,C,1,0,2,0,0,0,0,100,-108.3,-112.9,0,0,1,0,0,0,0,0,0
